secs,dist
8,10874.1074579844
122,10886.0168028545
123,10887.3062109854
124,10888.5554419058
125,10889.7290969121
126,10890.7306874642
127,10891.9909237748
128,10893.0420454183
129,10894.31477607
130,10895.1254604097
131,10895.7270470959
132,10896.5576084369
133,10897.1311062823
134,10897.3456620545
135,10896.4469483273
136,10896.1108461651
137,10895.9990595887
138,10895.9990595887
139,10895.8596321834
140,10895.4937304207
141,10894.8815766399
142,10894.678330695
143,10894.4522971036
144,10894.045876804
145,10893.4429240951
146,10892.7405251255
147,10892.0234025609
148,10890.7032111429
149,10889.2608930991
150,10887.3426288824
151,10885.4389419393
152,10883.6992536417
153,10881.9314235411
154,10880.1505462524
155,10878.3799264839
156,10876.4916722531
157,10874.8111790817
158,10872.6630593211
159,10870.8509249133
160,10868.8257453828
161,10865.9209797515
162,10861.1509371595
163,10855.1337489255
164,10849.6831713946
165,10845.4109176737
166,10840.7319387305
167,10835.6947414556
168,10830.2737248787
169,10825.3198921684
170,10820.301820369
171,10815.8339530024
172,10810.9604944872
173,10806.5020780405
174,10802.1660295339
175,10797.7700904034
176,10793.362981097
177,10788.8699409642
178,10784.6313517612
179,10780.1335147203
180,10775.7191026391
181,10772.0197903331
182,10768.3288477413
183,10764.0266351158
184,10759.6791094933
185,10755.6122199878
186,10751.5535022944
187,10747.0688283386
188,10742.6094272481
189,10738.0050013866
190,10733.9756225204
191,10729.9822879924
192,10725.841698708
193,10721.4724219851
194,10716.948201688
195,10712.3257093017
196,10707.4295350178
197,10702.939166308
198,10697.7658948298
199,10693.1145927773
200,10688.6155973004
201,10684.3399799325
202,10679.7868132062
203,10675.0323095035
204,10670.2774308613
205,10665.4264156192
206,10660.7674076523
207,10656.2624649253
208,10651.7177050669
209,10647.0924655963
210,10643.4698035332
211,10639.9472809525
212,10636.4397425699
213,10632.8179647541
214,10629.3197008984
215,10625.8559862773
216,10622.3960042359
217,10618.7829342492
218,10615.4900729188
219,10612.6773136137
220,10609.1995758202
221,10606.0515173039
222,10603.0115343441
223,10599.9000118991
224,10597.0923074084
225,10594.12419539
226,10590.8304405073
227,10587.9323389728
228,10584.8817852726
229,10581.93850783
230,10579.2779149645
231,10576.2333940306
232,10573.247410561
233,10570.1382299883
234,10567.2888133996
235,10564.4962522269
236,10561.3695732311
237,10558.4762161421
238,10555.5537683907
239,10552.527896924
240,10549.536010059
241,10546.6668049383
242,10544.1175055515
243,10541.6252590276
244,10539.1750080377
245,10536.9745031453
246,10534.6264116499
247,10532.0210570662
248,10529.4309596853
249,10526.8145245066
250,10524.3398284922
251,10521.7477264638
252,10519.1938461285
253,10517.6290783966
254,10516.3473183348
255,10515.1537367819
256,10514.3388261621
257,10513.7219901085
258,10513.1165939512
259,10512.532912533
260,10512.350165388
261,10512.1674348005
262,10511.9847033543
263,10511.8019841734
264,10511.6192598284
265,10511.4365454906
266,10511.2538434191
267,10511.0711404901
268,10510.8884455119
269,10509.3197706349
270,10508.1163119617
271,10507.4404286556
272,10507.2867916891
273,10507.2152859952
274,10507.2152859952
275,10507.2042881479
276,10506.8962762492
277,10507.0277365279
278,10508.1898028827
279,10510.7830552953
280,10513.5978332833
281,10516.1000047215
282,10518.8664371002
283,10521.2504255476
284,10523.983510174
285,10526.5330267514
286,10529.1146240716
287,10531.8763834818
288,10534.4992215712
289,10537.6922740775
290,10540.2375839604
291,10542.6683928062
292,10545.0801998024
293,10547.9556200778
294,10550.5544669207
295,10553.2848267201
296,10555.8034678929
297,10558.4763146429
298,10560.9488384685
299,10563.2913258407
300,10565.6463670498
301,10568.0965863776
302,10570.2841367548
303,10572.6092908633
304,10574.9133113213
305,10577.0452387823
306,10579.1804598195
307,10580.9821629028
308,10582.7782328974
309,10584.7457872708
310,10586.7365389984
311,10588.8843501074
312,10590.7892751195
313,10592.4186980127
314,10594.0677444142
315,10596.0481501002
316,10598.0845306861
317,10600.1960403622
318,10602.6136875728
319,10605.1210631655
320,10607.9051297406
321,10610.1676710071
322,10612.5040235011
323,10615.0075351345
324,10617.1934029496
325,10619.5078213942
326,10621.6001910718
327,10623.7879659622
328,10625.8207979017
329,10628.0833931704
330,10630.4850182939
331,10633.1762863666
332,10635.643045488
333,10637.9290636307
334,10640.5233683483
335,10642.8729290744
336,10645.2638647322
337,10647.1248289827
338,10649.1972887045
339,10651.6212935772
340,10654.2481678568
341,10657.0671338061
342,10659.4459788985
343,10661.7991096571
344,10664.0231844975
345,10666.4581894405
346,10668.837901486
347,10671.552684789
348,10674.2028579352
349,10677.3073818686
350,10681.0566109085
351,10684.4527945614
352,10688.2863451382
353,10692.2573441203
354,10696.5982477803
355,10700.8231886889
356,10705.1455883862
357,10709.2539364755
358,10712.346354246
359,10714.8271424636
360,10717.0771697415
361,10718.3276616637
362,10718.3670298816
363,10717.2611671761
364,10715.0946424899
365,10712.4420476568
366,10708.6809171906
367,10703.4510734349
368,10697.6480079335
369,10692.8689166379
370,10688.0344694569
371,10683.3146769138
372,10679.1066988736
373,10674.5210540366
374,10670.0189549547
375,10665.1308760413
376,10659.9121146545
377,10654.9365076114
378,10650.8137052333
379,10645.93080895
380,10640.8686658927
381,10636.0558863422
382,10630.8670467976
383,10625.6622641515
384,10620.3231226709
385,10614.6374949732
386,10608.7031291945
387,10602.6392183409
388,10596.3795558793
389,10589.8911954249
390,10583.5594778692
391,10577.4905763347
392,10571.0646550488
393,10564.832639866
394,10558.255044183
395,10551.2999812173
396,10544.2586369747
397,10536.9649916727
398,10529.8359437829
399,10523.0980396301
400,10516.6537215133
401,10510.4734984803
402,10503.6045212896
403,10496.6300193618
404,10490.2242520398
405,10484.279116711
406,10478.5947935056
407,10472.9790051798
408,10468.0197092756
409,10462.6322655614
410,10457.5762293896
411,10451.177924267
412,10445.217581335
413,10438.7755796189
414,10432.2830060978
415,10425.2723965067
416,10418.5361058674
417,10411.1905256032
418,10403.9241727513
419,10397.403531716
420,10391.9870018686
421,10388.2349821602
422,10385.2213897668
423,10382.0391503007
424,10378.5860741982
425,10374.8861222354
426,10370.7394976617
427,10366.2908749672
428,10361.7267441186
429,10356.5616198669
430,10351.74656905
431,10346.7805546201
432,10341.5154501894
433,10335.9814264668
434,10330.386212706
435,10324.9993565111
436,10318.7840375727
437,10312.371234657
438,10305.8272685363
439,10298.8866118822
440,10292.9218694555
441,10285.7888442091
442,10278.6314956774
443,10271.7058306387
444,10264.7145293238
445,10258.1693810053
446,10251.6319396715
447,10244.5711747617
448,10238.003085901
449,10232.0157207707
450,10226.4386382113
451,10221.0632053102
452,10215.4038373941
453,10209.9221687877
454,10204.5605918843
455,10199.0812981069
456,10194.0107637443
457,10188.6813578615
458,10183.1983618124
459,10177.6106617865
460,10172.6764976171
461,10167.9006494766
462,10163.6396548195
463,10160.331195214
464,10157.1053485346
465,10153.9462239901
466,10151.5465888505
467,10149.5098540947
468,10148.4286452872
469,10147.2252195265
470,10146.1861360177
471,10144.81842765
472,10143.4573495184
473,10142.3898083383
474,10141.231258361
475,10140.7418640747
476,10140.3155994325
477,10139.6190199475
478,10138.8156070029
505,10135.4531454124
506,10133.1602827469
507,10131.4589943916
508,10130.4817476256
509,10129.8328697003
510,10129.3380105874
511,10129.3160932954
512,10129.3160932954
513,10129.2475904961
514,10129.1790778665
515,10129.1105823521
516,10129.0420704678
517,10128.9735589556
518,10128.9050580222
519,10128.8365537938
520,10128.768053607
521,10128.6995435853
522,10128.6310441451
523,10128.5625414072
524,10128.4940427135
525,10128.4255341825
526,10128.3570325622
527,10128.2885349883
528,10128.2200275748
529,10128.1515307476
530,10128.0830306181
531,10128.0145345375
532,10127.946028615
533,10127.8775296033
534,10127.8090346426
535,10127.7405298377
536,10127.6720356239
537,10125.8883797073
538,10123.5691833049
539,10120.8463766285
540,10117.5295826754
541,10114.0967361388
542,10111.0929899373
543,10108.9125450594
544,10106.6079729858
545,10103.9101104693
546,10100.4652975349
547,10096.8908609518
548,10093.2843272659
549,10089.9894783426
550,10086.118328776
551,10081.9529473021
552,10077.9318002328
553,10073.7457516344
554,10069.0623048372
555,10065.4475815242
556,10062.1271308801
557,10058.39662751
558,10054.8280567959
559,10051.3635154432
560,10047.638571995
561,10044.1917199355
562,10040.5880642336
563,10036.6351055486
564,10032.7204309466
565,10029.0388805829
566,10025.2215427492
567,10021.4276058792
568,10017.1713789849
569,10012.8362297574
570,10008.610477687
571,10004.4811109213
572,10000.4412086417
573,9996.21889855084
574,9991.985782207
575,9987.35990700444
576,9982.74607069842
577,9978.06685845392
578,9973.87354917508
579,9969.35481271375
580,9964.82277642959
581,9960.49933486429
582,9955.5051916741
583,9950.51945622343
584,9945.37712292558
585,9940.06727699838
586,9934.72162041559
587,9929.03646484789
588,9923.2100259021
589,9917.14578903026
590,9910.64248458398
591,9904.31627110632
592,9897.92145957364
593,9891.28491688825
594,9884.532302499
595,9877.55029880568
596,9870.46906373369
597,9863.2615965412
598,9856.83862290236
599,9850.03236496199
600,9843.11915468922
601,9837.00667866292
602,9830.55841963344
603,9824.3420891602
604,9817.85095251945
605,9811.16150230932
606,9804.54437596398
607,9797.99742403582
608,9790.7948576694
609,9783.40139864781
610,9775.71145923709
611,9768.5883129327
612,9760.76369202383
613,9752.70174700091
614,9744.75657048986
615,9737.05924112705
616,9729.0639754078
617,9720.83425333061
618,9712.83088266249
619,9704.81171411576
620,9696.3175684692
621,9687.99427624448
622,9680.43828018371
623,9672.43522350781
624,9664.45305784242
625,9656.36038012587
626,9647.98837935422
627,9639.50354057753
628,9631.4882427611
629,9623.59162402054
630,9614.55791842663
631,9605.94781884203
632,9597.7635711684
633,9589.9482743974
634,9581.88550222092
635,9573.58133529454
636,9565.0844618902
637,9556.55708739566
638,9548.3204883061
639,9540.01836893987
640,9531.52189919641
641,9523.02335860829
642,9514.66141423709
643,9506.69206741467
644,9498.78304014141
645,9490.77833378897
646,9483.2640344842
647,9474.9538362988
648,9466.90472644342
649,9459.0391137619
650,9451.58042919139
651,9444.19007288538
652,9436.14794773419
653,9427.90143512266
654,9420.15836119408
655,9413.11044052274
656,9406.31516153326
657,9399.1507996761
658,9391.26252275741
659,9383.67113308991
660,9376.2223154477
661,9369.98587163409
662,9363.63983523904
663,9357.20697243037
664,9351.65935119241
665,9345.87517240292
666,9340.12872508746
667,9334.42122337214
668,9329.48233540694
669,9324.7356248537
670,9320.02736610962
671,9315.20692181584
672,9310.31070808243
673,9305.28692599308
674,9299.63694260971
675,9294.434384878
676,9289.07171231085
677,9283.26224940983
678,9277.16688385041
679,9271.21406354076
680,9265.223503054
681,9259.06756624927
682,9252.53300646445
683,9245.79407304742
684,9239.28549683796
685,9232.40635027821
686,9225.25728997945
687,9218.58521389489
688,9210.95912670205
689,9203.55044820012
690,9195.81680290166
691,9187.84110377567
692,9179.42288839118
693,9170.47669007457
694,9162.36830102829
695,9153.67593019129
696,9145.10723832231
697,9137.36425169467
698,9129.38387944113
699,9121.20232432446
700,9113.29845125924
701,9105.34340655715
702,9097.05684433574
703,9088.66239410887
704,9080.85477378222
705,9073.92443677026
706,9068.12731758196
707,9064.40901755537
708,9063.02524374921
709,9062.58351629246
710,9062.14179884182
711,9061.70008158106
712,9061.25836451048
713,9060.81663781123
714,9057.63322116269
715,9054.75979412405
716,9050.98101961684
717,9047.07000158182
718,9042.93708100026
719,9038.94859678067
720,9034.43206658219
721,9029.83646244049
722,9025.25380905761
723,9020.84455149379
724,9016.53613131883
725,9013.27636911556
726,9009.79953288184
727,9006.2544761274
728,9002.33425516097
729,8997.9914903777
730,8993.20258483343
731,8989.7990503459
732,8986.34939268954
733,8982.93175918739
734,8979.0979074315
735,8975.08351639096
736,8971.16893327963
737,8967.17957723649
738,8963.05284098524
739,8958.9275848189
740,8954.89224422545
741,8951.19613212429
742,8947.58356490222
743,8944.58173547714
744,8941.43585480262
745,8938.48854759273
746,8935.61681947084
747,8932.64913751817
748,8929.97481125951
749,8927.44139894062
750,8924.29747729113
751,8920.9787158895
752,8918.08355867283
753,8914.96565164722
754,8911.3685388278
755,8908.68104657179
756,8906.31208718728
757,8903.76400857249
758,8900.24588349446
759,8896.66110846747
760,8893.23612018163
761,8890.05529406351
762,8886.51939427885
763,8882.81367720188
764,8878.70468129988
765,8874.42462355655
766,8870.28060508
767,8865.89652866462
768,8861.7795197197
769,8857.67872585297
770,8853.52444820586
771,8848.95388962726
772,8844.3920768619
773,8839.91695381094
774,8835.38337358726
775,8831.26318583319
776,8826.99740000547
777,8822.72585748666
778,8818.09248870985
779,8813.53968853207
780,8809.33509837197
781,8805.0580110087
782,8800.64210423907
783,8795.75451437819
784,8792.14774763195
785,8787.58528410467
786,8782.61032296398
787,8777.5534696846
788,8772.72681408303
789,8767.93414176147
790,8763.13302670272
791,8758.50950643862
792,8753.87743603698
793,8749.30403444064
794,8744.97314588464
795,8740.32250630112
796,8734.83666572832
797,8729.48615056032
798,8723.97090473722
799,8718.08231715746
800,8713.73059572275
801,8709.12735329814
802,8704.06930366952
803,8698.9456550569
804,8693.40613556564
805,8689.01046595362
806,8684.79122007704
807,8679.89009524178
808,8675.33344389505
809,8671.08689476737
810,8666.7434295267
811,8662.24380458427
812,8657.23638004435
813,8652.56639306926
814,8648.09008422757
815,8643.64104559052
816,8638.82574578155
817,8634.09199185196
818,8629.32842235095
819,8624.40138445091
820,8619.62136262898
821,8614.71378939566
822,8609.94021383251
823,8605.33061970965
824,8600.33515265868
825,8595.65143479024
826,8590.18030806845
827,8585.06754133475
828,8579.37700359184
829,8573.87298720026
830,8568.76340679325
831,8563.69737033208
832,8558.77832779795
833,8553.67580682168
834,8548.92733474935
835,8544.14896421282
836,8539.12323245874
837,8534.37759892764
838,8529.57965207739
839,8524.69586706546
840,8519.91073589175
841,8514.77302307358
842,8510.56979644475
843,8505.8650206018
844,8501.06507636953
845,8495.30076413325
846,8490.51598877705
847,8485.47294144258
848,8480.00501255164
849,8474.55170638597
850,8469.77242536118
851,8464.51911175785
852,8459.10752865483
853,8454.07949604053
854,8449.23228904949
855,8444.59017453124
856,8439.63150453836
857,8435.05027328851
858,8430.82161459283
859,8426.02961488337
860,8421.84251799601
861,8418.18696738852
862,8414.50578613632
863,8410.91459634896
864,8406.94093534435
865,8402.24559592301
866,8396.21430503
867,8390.56289417887
868,8384.82536781012
869,8379.09797683212
870,8373.08772342492
871,8367.23135792061
872,8361.12254945233
873,8355.18606456357
874,8349.25755233201
875,8342.95445026152
876,8337.51691987556
877,8332.51470861654
878,8327.29108443766
879,8321.94571992325
880,8316.5404219703
881,8310.96212044181
882,8304.93974360941
883,8299.02161870624
884,8293.28177481642
885,8287.43518895882
886,8281.96643031684
887,8276.07554186188
888,8269.68663633944
889,8262.88800523493
890,8256.58893824256
891,8249.70777280827
892,8243.41846725698
893,8238.35505461933
894,8232.21140724534
895,8226.49679832967
896,8219.28676415741
897,8212.24212173119
898,8205.52439904938
899,8197.62374203006
900,8189.68080609314
901,8182.44133603891
902,8174.4794310728
903,8166.36760711822
904,8158.92522299027
905,8151.3167679973
906,8144.283705563
907,8136.58945642397
908,8128.4396585838
909,8120.72145578591
910,8112.97205298156
911,8105.58356745548
912,8097.12516566272
913,8088.96764262833
914,8080.49409220445
915,8072.47076451013
916,8064.3330010201
917,8055.75179621289
918,8047.58961708621
919,8040.62814266715
920,8033.87511364569
921,8027.92555034461
922,8021.73577128631
923,8015.85685877199
924,8010.56058266981
925,8005.02773291635
926,7998.93727713314
927,7992.97101615526
928,7987.22288168034
929,7981.47577226773
930,7975.32199606009
931,7969.16717249334
932,7962.71289646351
933,7957.04844329627
934,7951.33832018534
935,7946.63302310739
936,7941.98914006123
937,7937.98400616119
938,7933.86685732063
939,7930.31470010847
940,7926.67511053141
941,7923.9347228175
942,7921.63019551291
943,7919.6907062777
944,7918.16745438089
945,7916.48509944021
946,7913.74081973489
947,7911.05413691867
948,7908.57557800641
949,7905.72619058928
950,7903.05660361349
951,7900.98686199634
1004,7898.75837694295
1005,7896.61709005624
1006,7894.08426141039
1007,7890.71655473789
1008,7887.0499137598
1009,7883.36563841656
1010,7879.66295531458
1011,7875.6805347708
1012,7871.72780789318
1013,7867.11305036637
1014,7862.76243843493
1015,7857.47967081267
1016,7852.9359877058
1017,7847.71589991047
1018,7842.13084767455
1019,7837.02511030079
1020,7831.24264811706
1021,7825.36890058365
1022,7819.47055311545
1023,7812.97813810765
1024,7806.48331015713
1025,7799.92026753886
1026,7793.19561510447
1027,7786.23480365339
1028,7779.3292568165
1029,7772.2771599938
1030,7765.44763575607
1031,7758.72647995654
1032,7751.86537786541
1033,7744.43579016689
1034,7737.16865437121
1035,7730.64263813045
1036,7723.585436278
1037,7716.81005819501
1038,7710.45303081572
1039,7703.95304675273
1040,7697.00619826116
1041,7690.16144462907
1042,7683.85759648554
1043,7677.43810730972
1044,7670.97219893416
1045,7664.75553970448
1046,7658.26108557313
1047,7651.83034232144
1048,7645.05935533971
1049,7638.95314555807
1050,7632.68743418191
1051,7626.69005849376
1052,7620.87501394214
1053,7615.27685844646
1054,7609.48264472078
1055,7603.87900452586
1056,7597.67778393103
1057,7591.33083967773
1058,7584.8063519156
1059,7578.72075419785
1060,7572.81473917706
1061,7566.89623456731
1062,7561.14696432068
1063,7555.8744637336
1064,7550.21940195592
1065,7544.53812264228
1066,7538.71961328154
1067,7533.55644157852
1068,7528.66961144007
1069,7523.63016361711
1070,7518.93243299839
1071,7514.02508880309
1072,7509.5399000866
1073,7505.13519381447
1074,7500.73470976366
1075,7496.1459736889
1076,7491.91316385135
1077,7487.99231090052
1078,7483.81105451846
1079,7480.18451980913
1080,7476.44224546828
1081,7472.47483416765
1082,7468.53220205982
1083,7464.85194459965
1084,7461.14783936924
1085,7457.55232382327
1086,7453.96641609389
1087,7450.04014895404
1088,7446.32342748861
1089,7442.77151565341
1090,7439.12565309223
1091,7435.6160657921
1092,7431.84524213508
1093,7427.75046158994
1094,7423.80611449906
1095,7420.01482216386
1096,7416.21266662246
1097,7412.36511229606
1098,7408.63511338391
1099,7405.2152912542
1100,7401.69941892046
1101,7397.98398086306
1102,7394.28358753311
1103,7390.4554829097
1104,7386.59573810676
1105,7382.71728946847
1106,7378.81289408657
1107,7375.16700530335
1108,7371.72822867309
1109,7367.75843285844
1110,7364.13434517684
1111,7360.39893262445
1112,7356.86391489329
1113,7353.00414877527
1114,7349.32137564402
1115,7346.1346169887
1116,7342.67592482413
1117,7339.36925033927
1118,7335.81054957971
1119,7331.88855921361
1120,7327.9210543865
1121,7323.98944202814
1122,7320.0414987553
1123,7316.47414241629
1124,7312.67501231355
1125,7308.82687046757
1126,7305.25129267467
1127,7301.55763160154
1128,7297.97222106772
1129,7294.60383694442
1130,7290.99313251793
1131,7287.32581700934
1132,7283.23979649411
1133,7278.9853799685
1134,7274.82107985693
1135,7270.94411938214
1136,7267.11283598667
1137,7263.374199149
1138,7259.52450409475
1139,7255.71501743457
1140,7252.01538533719
1141,7248.27802867415
1142,7244.53610376711
1143,7240.9601384885
1144,7237.29578914422
1145,7233.29003760945
1146,7229.41054362136
1147,7225.56505664223
1148,7221.65219269113
1149,7218.07803501758
1150,7214.56484553256
1151,7210.85494444322
1152,7207.09027416646
1153,7203.23711931318
1154,7199.33071777247
1155,7195.35216138527
1156,7191.58622776508
1157,7187.42048960805
1158,7183.05176373433
1159,7179.1386389487
1160,7175.19514027331
1161,7171.01614812272
1162,7167.13264321341
1163,7163.20858869453
1164,7159.28147535036
1165,7155.35741684362
1166,7151.72357633042
1167,7147.80190122414
1168,7143.84514617285
1169,7140.30638016926
1170,7136.84025251046
1171,7133.23912945287
1172,7129.60161857966
1173,7126.80496122294
1174,7123.27470637793
1175,7119.9407081334
1176,7116.65993593709
1177,7113.39553619537
1178,7109.66046811651
1179,7105.61647972328
1180,7101.59121185717
1181,7097.51451101804
1182,7093.52868138542
1183,7089.46350595477
1184,7085.46543354731
1185,7081.45956945279
1186,7077.34295772557
1187,7073.36556476246
1188,7069.4167176029
1189,7065.96943762076
1190,7062.36154495187
1191,7058.78473206915
1192,7055.22589840837
1193,7051.67506506918
1194,7047.89271233298
1195,7044.37876644512
1196,7040.85264071423
1197,7036.96925582972
1198,7033.65961375612
1199,7030.48756597292
1200,7026.53344797656
1201,7022.77427174093
1202,7019.13908149825
1203,7015.79413772196
1204,7012.60326998719
1205,7009.45185594413
1206,7006.24065766727
1207,7003.64816568533
1208,7001.19205841718
1209,6998.45253057713
1210,6995.99208979369
1211,6994.41904967413
1212,6992.98104068126
1273,6988.10954326594
1274,6984.46034681638
1275,6980.71762636386
1276,6977.13828273914
1277,6972.99516429572
1278,6969.2122696094
1279,6964.45840699147
1280,6960.29179177183
1281,6955.72958833625
1282,6951.33640352529
1283,6947.45578469625
1284,6943.99083914545
1285,6939.95090578911
1286,6935.89997936337
1287,6932.41024829738
1288,6928.5006965886
1289,6924.59954943583
1290,6920.42033490834
1291,6916.44704004575
1292,6912.50645472507
1293,6908.31632981745
1294,6904.19583138274
1295,6900.14747811026
1296,6896.41670291474
1297,6892.72540276612
1298,6889.06546168435
1299,6885.36216526039
1300,6881.67242677665
1301,6877.95532735429
1302,6874.22418868729
1303,6870.49561193984
1304,6866.96810763932
1305,6863.75690971629
1306,6860.24577710031
1307,6856.66251133022
1308,6853.27809980411
1309,6849.70575300786
1310,6846.20977983067
1311,6842.71680697599
1312,6839.14160298953
1313,6835.3425385674
1314,6831.27586010525
1315,6827.10936749475
1316,6822.85690746619
1317,6818.84857619918
1318,6814.96662844856
1319,6810.95182163324
1320,6806.84784711333
1321,6802.9931477004
1322,6798.71019928927
1323,6794.5709715292
1324,6790.60302404641
1325,6786.30148945381
1326,6782.43714538841
1327,6778.59240839571
1328,6774.83168240604
1329,6771.18672963443
1330,6767.51001877771
1331,6763.71783784884
1332,6760.03026002942
1333,6755.74211038125
1334,6750.95940788996
1335,6747.04935885334
1336,6743.10608888482
1337,6739.49467270502
1338,6735.99488278517
1339,6731.82257888933
1340,6727.29131273939
1341,6722.43035321983
1342,6717.79994618653
1343,6713.4712574592
1344,6709.10370516713
1345,6704.83002593072
1346,6700.87707520988
1347,6697.26459708986
1348,6693.31165698986
1349,6689.3721267349
1350,6685.29625095859
1351,6680.95189516845
1352,6677.15481412037
1353,6672.78379196277
1354,6668.57997134504
1355,6664.17436527545
1356,6659.35725675404
1357,6654.75767090903
1358,6650.05276189665
1359,6645.0072102021
1360,6640.56410253141
1361,6636.09355764728
1362,6631.48216171279
1363,6626.77279534523
1364,6622.24242448546
1365,6618.3380020167
1366,6614.54318296478
1367,6610.43876219779
1368,6606.67865667116
1369,6602.81119141036
1370,6598.98441045168
1371,6595.2500705758
1372,6591.1426804028
1373,6586.55409993286
1374,6582.31930910464
1375,6577.93868034469
1376,6573.11797821985
1377,6568.40091839834
1378,6564.25758639481
1379,6560.34780226202
1380,6556.16214610169
1381,6551.94087514764
1382,6547.67670566746
1383,6543.25977785878
1384,6539.19010264303
1385,6535.11082197209
1386,6530.86640766098
1387,6526.69149774831
1388,6522.85899304715
1389,6519.15069420304
1390,6515.32886094393
1391,6510.968813926
1392,6506.35546556226
1393,6501.74217900107
1394,6497.17803277403
1395,6492.71640952546
1396,6488.06256943849
1397,6483.41148116059
1398,6479.36579638328
1399,6475.67137197916
1400,6471.43722639988
1401,6467.00423388872
1402,6462.63421586254
1403,6457.93979341219
1404,6453.33512046821
1405,6448.84791582779
1406,6444.50225839506
1407,6439.80539192219
1408,6435.78336764695
1409,6432.08570529914
1410,6427.94355833586
1411,6423.9800978876
1412,6419.62962429555
1413,6415.33371828852
1414,6411.30143436602
1415,6407.11249934062
1416,6403.25223337992
1417,6398.95873944855
1418,6394.47663852602
1419,6390.34739860574
1420,6386.03756761985
1421,6381.52809754583
1422,6376.91640354205
1423,6372.26447586621
1424,6367.54458028169
1425,6362.99166789682
1426,6358.49461978785
1427,6353.89407215218
1428,6349.5170668267
1429,6344.9935448748
1430,6340.62723238426
1431,6335.97433751351
1432,6331.30070390773
1433,6326.430988879
1434,6321.72476204045
1435,6316.72687050428
1436,6312.08876962709
1437,6307.71233886584
1438,6303.58666994827
1439,6299.0877024101
1440,6294.49756413606
1441,6289.77255027035
1442,6285.5560896149
1443,6281.26194330254
1444,6277.11622055181
1445,6272.42975131744
1446,6268.14428273825
1447,6263.67858943771
1448,6259.63315704026
1449,6254.75981187182
1450,6249.83266553085
1451,6245.02472022107
1452,6240.16579531528
1453,6234.90243641876
1454,6229.67573063205
1455,6224.62039909563
1456,6220.00148927883
1457,6215.16339527979
1458,6210.43766999018
1459,6206.37212896555
1460,6202.2602797308
1461,6198.16798533413
1462,6194.60920285137
1463,6190.86631869231
1464,6186.63317910537
1465,6182.40841663271
1466,6179.03221085913
1467,6175.12031118802
1468,6171.07230540311
1469,6167.82034422984
1470,6164.88856854914
1471,6161.92748245117
1472,6158.95491687271
1473,6156.0003982116
1474,6153.5261176561
1475,6151.19281478301
1476,6148.81336409924
1477,6146.5042616654
1478,6143.37773416265
1479,6140.61756881965
1480,6138.60841410035
1481,6136.99370332622
1482,6135.40624151226
1483,6133.52429368581
1484,6131.37828890247
1485,6128.9363381327
1486,6126.4689474209
1487,6124.15281664777
1488,6122.20971835149
1489,6120.07420927786
1490,6117.61067024604
1491,6114.49345967803
1492,6111.7425010301
1493,6108.79777302583
1494,6105.68756238554
1495,6102.68245477883
1496,6099.51545867682
1497,6096.98113693177
1498,6094.41734193241
1499,6091.71260272753
1500,6088.83100290864
1501,6085.48322908528
1502,6082.27502661751
1503,6079.07775278283
1504,6076.24447305318
1505,6073.41595900108
1506,6070.14715867146
1507,6065.54215697711
1508,6060.70371817616
1509,6054.76949705123
1510,6049.48697450357
1511,6044.48695489267
1512,6039.69912306715
1513,6033.99831205362
1514,6028.07727775119
1515,6021.94511133519
1516,6015.88674165044
1517,6010.43026657604
1518,6005.12581339156
1519,5999.43799465985
1520,5993.59893229465
1521,5987.93031380688
1522,5982.0560946723
1523,5976.18793428658
1524,5970.05369527661
1525,5964.46911830388
1526,5959.06733994095
1527,5953.51708830062
1528,5947.94925503052
1529,5941.39286283305
1530,5934.6322128638
1531,5928.56367279812
1532,5922.76881869874
1533,5916.92498522297
1534,5910.89193254651
1535,5905.49993566538
1536,5899.76443640535
1537,5894.11151824825
1538,5887.74589947986
1539,5881.9028110013
1540,5875.03711616883
1541,5868.60346643027
1542,5861.83170408871
1543,5854.99860254469
1544,5848.19419675142
1545,5841.34599132698
1546,5834.68731462761
1547,5827.76731519446
1548,5820.75492579496
1549,5813.89110786759
1550,5807.56816652936
1551,5800.70783602241
1552,5794.04504226139
1553,5787.21197101434
1554,5780.80957031757
1555,5773.89572437633
1556,5767.07841500857
1557,5760.01303937552
1558,5752.44437652405
1559,5745.253224355
1560,5737.58615105544
1561,5729.71869364855
1562,5721.90032145839
1563,5713.99900835852
1564,5706.37931426053
1565,5698.52268772803
1566,5690.68240888715
1567,5683.18172978736
1568,5675.60539830235
1569,5667.85518023094
1570,5660.49912568917
1571,5652.6731443592
1572,5645.28285024251
1573,5638.0651830911
1574,5630.57886918366
1575,5623.19962947615
1576,5615.67049709506
1577,5608.98145209749
1578,5603.25914920143
1579,5598.03490363088
1580,5593.40600382608
1581,5589.38245697607
1582,5585.56410589191
1583,5582.8627886445
1584,5580.35383375034
1585,5578.56556520586
1586,5576.26479315414
1587,5572.76351938041
1588,5569.02841327662
1589,5565.85625950332
1590,5563.89029927665
1591,5562.82807280956
1592,5561.14672598286
1593,5558.82344138377
1594,5555.6056773992
1595,5551.15349736106
1596,5546.72258699864
1597,5542.49351204933
1598,5538.14122401264
1599,5534.15832545426
1600,5530.3253853548
1601,5526.65255877528
1602,5522.94152733776
1603,5519.49194850931
1604,5516.49542796073
1605,5513.28488298791
1606,5509.73671191219
1607,5506.08186813639
1608,5503.020070353
1609,5499.76723554564
1610,5496.90018632607
1611,5494.81156536124
1612,5492.67758644075
1613,5490.74491305772
1614,5488.78923553628
1615,5486.98555386017
1616,5485.51162086207
1617,5484.51262277397
1618,5483.53000745026
1619,5483.5233501146
1620,5482.60286318437
1621,5482.6356166837
1622,5482.64107451512
1623,5481.94906728718
1624,5481.25705588584
1625,5480.56505450359
1626,5479.87306314421
1627,5477.5158464869
1628,5474.39858233491
1629,5470.97138342401
1630,5467.61516328767
1631,5464.12678610479
1632,5460.14411671979
1633,5456.34463089576
1634,5452.42101245458
1635,5448.9857713239
1636,5445.48243181746
1637,5442.14290010836
1638,5438.58384106201
1639,5435.42027311239
1640,5432.50010249774
1641,5429.33661566899
1642,5426.37713198086
1643,5423.72504840273
1644,5421.19696192821
1645,5419.01716706274
1646,5417.12967821056
1647,5415.94481235805
1648,5414.97290084143
1649,5414.70225142631
1650,5414.26802332937
1651,5414.17402472497
1652,5413.94093766267
1653,5414.0392175607
1706,5414.33038987648
1707,5412.75603041133
1708,5411.16969806754
1709,5408.45381011538
1710,5405.70882075373
1711,5402.41778656181
1712,5398.97054006335
1713,5394.92806605723
1714,5390.72237742085
1715,5386.05661630076
1716,5381.74700269939
1717,5376.92716892974
1718,5372.39579964273
1719,5367.43592299999
1720,5362.38062347063
1721,5356.531826963
1722,5350.71282394132
1723,5344.33231864205
1724,5337.66047145268
1725,5330.90155185751
1726,5323.87678158519
1727,5316.74991850447
1728,5309.11169134242
1729,5301.64918515588
1730,5294.45103827289
1731,5286.6947287772
1732,5278.79736907486
1733,5270.17601228708
1734,5261.18350171705
1735,5251.86885775419
1736,5242.04538924535
1737,5231.44895349293
1738,5222.30403736468
1739,5212.28229838009
1740,5202.55846387453
1741,5192.46797487815
1742,5182.47192810945
1743,5172.45611634891
1744,5161.70075778561
1745,5151.23351528348
1746,5141.29167991301
1747,5132.03549927409
1748,5123.56867109675
1749,5114.54467918782
1750,5105.06565824343
1751,5096.05728199171
1752,5087.4549023835
1753,5077.9885824514
1754,5069.13232012147
1755,5060.40830101164
1756,5051.83667427817
1757,5043.09946948756
1758,5034.18598804266
1759,5025.35859674956
1760,5016.91269078608
1761,5008.56370139628
1762,5000.13489323517
1763,4991.62872739873
1764,4982.88111493331
1765,4973.95580594205
1766,4965.23475406929
1767,4956.75283698339
1768,4948.23567145532
1769,4939.86366744097
1770,4931.26010004383
1771,4922.21850966909
1772,4912.78469927392
1773,4903.28339960936
1774,4894.95410050611
1775,4887.15710199814
1776,4880.09899418196
1777,4873.22769425145
1778,4867.15754930413
1779,4861.11803799074
1780,4854.84549613437
1781,4848.67098526989
1782,4843.29983578662
1783,4838.22787758139
1784,4832.66070264895
1785,4826.965145702
1786,4821.21095339769
1787,4814.89942773661
1788,4808.95248979609
1789,4802.95696924368
1790,4796.99215619178
1791,4791.15060554356
1792,4785.03912831034
1793,4778.42658543082
1794,4771.80110277388
1795,4765.02298782692
1796,4757.91788830347
1797,4750.87964135905
1798,4743.93867171377
1799,4737.26710912054
1800,4730.77395396882
1801,4724.34085050317
1802,4717.85433140762
1803,4711.48104796831
1804,4704.82272316439
1805,4698.40655478721
1806,4692.58159152109
1807,4686.27021874742
1808,4679.77795725944
1809,4673.32943679648
1810,4667.14075290898
1811,4661.78227152718
1812,4655.69858602023
1813,4649.31599527401
1814,4643.04670574091
1815,4636.91967216953
1816,4630.59786151706
1817,4624.06012020286
1818,4617.76692656044
1819,4611.79883490556
1820,4605.55395375719
1821,4599.89109818668
1822,4593.76637816615
1823,4588.30862796609
1824,4582.31631164368
1825,4576.38324001129
1826,4570.59874717853
1827,4565.14112083507
1828,4559.64980964598
1829,4554.0811722779
1830,4548.34891877615
1831,4542.76414153352
1832,4536.80693311358
1833,4531.16115450644
1834,4525.15286921421
1835,4519.32249213993
1836,4513.2865602959
1837,4507.40586384849
1838,4501.25825893923
1839,4495.67650421489
1840,4490.01845583062
1841,4484.22901812694
1842,4478.32110851371
1843,4472.64427088787
1844,4467.26287256859
1845,4462.39162140479
1846,4458.31892962251
1847,4454.4194869784
1848,4450.97811262291
1849,4448.12086808881
1850,4445.55934936631
1851,4443.08686824811
1852,4440.45693366482
1853,4437.41942583813
1854,4433.66845444746
1855,4429.5263891246
1856,4425.069220701
1857,4420.19629866407
1858,4415.74430528136
1859,4410.27958222883
1860,4404.77605818341
1861,4399.070523213
1862,4393.34954835897
1863,4388.14017877699
1864,4381.97618591985
1865,4375.26444151643
1866,4368.57460796228
1867,4361.3993963748
1868,4354.29165996157
1869,4347.02676462875
1870,4339.42264292652
1871,4331.45393792276
1872,4323.04929945218
1873,4314.97424951244
1874,4306.98599647335
1875,4298.54766818141
1876,4290.29979161402
1877,4281.97018879741
1878,4273.44868479553
1879,4265.26316105974
1880,4256.74567768611
1881,4248.04341439221
1882,4239.99721543474
1883,4231.74556908187
1884,4223.3465421339
1885,4214.3315812489
1886,4206.2973184906
1887,4197.80423626792
1888,4189.28215225232
1889,4181.41363123828
1890,4173.13508270853
1891,4164.61058344262
1892,4155.86707489937
1893,4147.1277608162
1894,4138.37931945603
1895,4129.70647978407
1896,4120.87683240529
1897,4112.51353613596
1898,4103.57250349993
1899,4094.55992430463
1900,4085.31024944541
1901,4075.98245167061
1902,4067.24394411694
1903,4058.5194531341
1904,4051.01080867131
1905,4044.02176762855
1906,4037.93767010321
1907,4031.71265526553
1908,4026.20364730561
1909,4019.98992288778
1910,4013.59287882607
1911,4007.35224543546
1912,4001.21171658977
1913,3995.0276623055
1914,3988.26694280214
1915,3982.14283735429
1916,3975.67587874849
1917,3968.919113727
1918,3963.21532701214
1919,3957.19706441686
1920,3950.62772829205
1921,3944.41004030003
1922,3938.24905750112
1923,3931.92567744486
1924,3925.82977920793
1925,3919.49904732201
1926,3912.60776941318
1927,3906.00262513695
1928,3899.34384209176
1929,3892.4575478619
1930,3885.64074675221
1931,3879.11887255372
1932,3872.73568416821
1933,3867.42263213321
1934,3862.45634635209
1935,3857.47568267523
1936,3853.07813859475
1937,3848.87903221881
1938,3845.70986835331
1939,3842.67757546886
1940,3839.76774162077
1941,3836.15281877365
1942,3832.34657104618
1943,3827.39393878501
1944,3822.47300885921
1945,3816.95202418214
1946,3810.80974042744
1947,3804.44560894836
1948,3797.90935988415
1949,3791.87803045495
1950,3786.06117929567
1951,3780.04123868147
1952,3774.6804492301
1953,3768.85985251144
1954,3762.49519745987
1955,3756.24474120605
1956,3750.16906389694
1957,3744.10652724502
1958,3738.03496200753
1959,3732.19665923561
1960,3726.27659420462
1961,3720.26262869341
1962,3714.57130512489
1963,3708.89665511155
1964,3703.36351431526
1965,3697.25247022907
1966,3691.39601687362
1967,3685.36358791238
1968,3679.63939006987
1969,3674.13130557007
1970,3668.79705927763
1971,3662.59290770094
1972,3657.10390125179
1973,3652.1487300722
1974,3645.83776796444
1975,3640.64914638089
1976,3631.22083707661
1977,3625.96993805807
1978,3620.99809858043
1979,3617.22070789063
1980,3613.36354523631
1981,3610.07415228136
1982,3607.1890598788
1983,3604.20144180958
1984,3600.89369156711
1985,3597.89018114265
1986,3594.73892585146
1987,3591.41369985128
1988,3587.59872375799
1989,3583.79165168179
1990,3579.80520304136
1991,3575.68881712584
1992,3571.53480930647
1993,3567.07816304942
1994,3562.50021178937
1995,3558.23072488136
1996,3553.76208849754
1997,3548.97981954831
1998,3544.47808567237
1999,3540.39913697472
2000,3535.25230308596
2001,3530.57991272832
2002,3526.40462685967
2003,3521.71424535828
2004,3517.01273321797
2005,3512.49975305411
2006,3508.05270679999
2007,3502.86256880449
2008,3498.34021413252
2009,3493.68649663902
2010,3489.08808801303
2011,3484.82368090531
2012,3480.62133339959
2013,3475.54362317655
2014,3470.35732744285
2015,3465.53944626697
2016,3460.63982980525
2017,3455.66958790953
2018,3450.9800479096
2019,3447.12014637934
2020,3442.30992041574
2021,3437.77990393925
2022,3433.97997768923
2023,3430.10144809163
2024,3425.30634723672
2025,3420.36137490941
2026,3414.84028629729
2027,3410.00028003905
2028,3405.40154232917
2029,3401.28774590609
2030,3396.60749325736
2031,3392.08674669537
2032,3387.58800505562
2033,3382.74240204829
2034,3377.59164755383
2035,3372.17241457455
2036,3367.09871464113
2037,3362.00292714679
2038,3356.40636989604
2039,3350.82063000678
2040,3344.50977698626
2041,3338.27052576439
2042,3331.8891439246
2043,3325.65639269889
2044,3318.7789947186
2045,3311.97763188318
2046,3304.57630694896
2047,3297.44119004966
2048,3289.91482405599
2049,3282.18485903778
2050,3274.50527130383
2051,3266.97664488856
2052,3259.79251045605
2053,3252.51720966409
2054,3245.15380387988
2055,3237.58163627036
2056,3229.84140426886
2057,3222.28396749466
2058,3214.33671277479
2059,3206.25195760868
2060,3198.65202966486
2061,3191.35636359308
2062,3184.13035548022
2063,3176.29776210211
2064,3168.53871907946
2065,3160.96418359159
2066,3153.51593524916
2067,3146.54623401381
2068,3139.12348376705
2069,3131.63032574886
2070,3124.41723365573
2071,3117.15696511838
2072,3110.14716159887
2073,3102.9832866113
2074,3096.05560832751
2075,3089.02655838009
2076,3081.70987515249
2077,3074.98562412253
2078,3068.65984736948
2079,3062.35389685424
2080,3055.97409835287
2081,3049.76172266156
2082,3043.35293342125
2083,3037.06293046892
2084,3030.08732692812
2085,3023.44305834627
2086,3017.2056031573
2087,3011.0498159532
2088,3004.44283683849
2089,2998.13384719722
2090,2991.44684299695
2091,2985.34168746704
2092,2978.97724904454
2093,2972.11490919854
2094,2966.09924948407
2095,2959.83085083128
2096,2953.7416802817
2097,2948.06229961894
2098,2941.88267828909
2099,2935.77647589875
2100,2930.04371777187
2101,2924.40516951495
2102,2918.29148779133
2103,2911.47476580928
2104,2904.74215836825
2105,2898.34676653668
2106,2892.74200254467
2107,2887.32935389988
2108,2882.35770808702
2109,2877.72508368915
2110,2874.09162620743
2111,2870.63245233806
2112,2866.98765388447
2113,2863.5691815049
2114,2860.69626330039
2115,2858.45644527581
2116,2857.27425912462
2117,2856.42845454565
2118,2855.08316934611
2119,2853.56829950814
2120,2851.74591640234
2121,2849.75830416637
2122,2847.68210062649
2123,2844.73108104225
2124,2841.43946475925
2125,2838.47994728318
2126,2836.45137896872
2127,2834.75285965502
2128,2831.02016998
2129,2827.04073240406
2130,2822.9351089924
2131,2818.96896396613
2132,2814.69003602526
2133,2810.02000609208
2134,2805.05777758954
2135,2799.94217518963
2136,2794.63667166623
2137,2789.76187739496
2138,2784.87819587563
2139,2780.27462658835
2140,2775.35340776941
2141,2770.47727266421
2142,2766.02209729574
2143,2761.52748574743
2144,2756.80167202319
2145,2752.06035994044
2146,2747.20154188317
2147,2742.75136973759
2148,2737.38000896254
2149,2731.88462772786
2150,2726.72571077656
2151,2721.43815343995
2152,2716.35433485036
2153,2710.97249903798
2154,2705.69455753089
2155,2700.40643522118
2156,2695.09851638703
2157,2689.65708584823
2158,2684.28154473837
2159,2678.96095402121
2160,2673.34972080556
2161,2667.55539448716
2162,2661.41582674665
2163,2655.51768962398
2164,2649.98813196869
2165,2643.92278089428
2166,2637.60707191663
2167,2631.89561440822
2168,2625.55656428417
2169,2619.05557358848
2170,2612.63643530386
2171,2605.60943006549
2172,2598.48797434918
2173,2591.62563570989
2174,2584.44835136566
2175,2577.45340985766
2176,2570.61148647416
2177,2564.29755975341
2178,2557.78676026469
2179,2551.32362588502
2180,2545.12360113941
2181,2538.41802129984
2182,2531.5830181679
2183,2524.67765071414
2184,2518.07717411196
2185,2511.25441136088
2186,2504.88831520883
2187,2498.06585511079
2188,2491.10345471816
2189,2484.545051294
2190,2477.935712136
2191,2471.34762074896
2192,2465.16350824269
2193,2458.71834373294
2194,2452.26047133666
2195,2446.11993677372
2196,2439.06045178803
2197,2432.21377709283
2198,2425.73782608484
2199,2419.54025310248
2200,2412.90365060044
2201,2406.20669985206
2202,2399.85105852942
2203,2393.88889701011
2204,2387.77393597662
2205,2382.07694724547
2206,2376.91492043571
2207,2372.74617665901
2208,2369.03088951611
2209,2365.69360719534
2210,2362.56202438567
2211,2359.4244065115
2212,2356.11650247213
2213,2353.22728958226
2214,2350.1652039555
2215,2346.68227544477
2216,2343.55560185641
2217,2340.48358487524
2218,2337.20339588024
2219,2334.86875060911
2220,2332.26242969958
2221,2328.64818472121
2222,2324.76866358005
2223,2320.89439162459
2224,2316.98277088398
2225,2313.45183993393
2226,2309.98612206289
2227,2306.67371798299
2228,2303.08521389448
2229,2299.74043050384
2230,2296.69202896214
2231,2293.52749792645
2232,2289.92300021542
2233,2286.43084790304
2234,2283.04440805738
2235,2279.4893840424
2236,2275.71548032001
2237,2272.60588986192
2238,2269.84237953296
2239,2266.71738496876
2240,2263.26327225904
2241,2260.00643956469
2242,2256.93611858789
2243,2254.63202517246
2244,2252.0954795881
2245,2249.46753228359
2246,2246.77401383423
2247,2244.54320063739
2248,2242.5238767079
2249,2240.17042663775
2250,2238.43232915542
2251,2236.48209293556
2252,2234.31277416032
2253,2232.42807338425
2254,2230.9390440212
2255,2229.02230385611
2256,2227.24513347713
2257,2225.58362140203
2258,2224.23139133629
2259,2222.43650515644
2260,2220.92976789891
2261,2219.5836607128
2262,2218.51287640383
2263,2216.93223029319
2264,2215.46860949254
2265,2213.61943208604
2266,2211.36273805782
2267,2210.00715954287
2268,2211.01857647333
2269,2213.51733731972
2270,2215.60040221875
2271,2217.98623160014
2272,2219.82962089801
2273,2221.4345509116
2274,2223.31154677605
2275,2225.91538149735
2276,2229.06090077
2277,2232.89403484856
2278,2237.06596432084
2279,2241.26130897358
2280,2245.34292955559
2281,2248.80098011657
2282,2252.31105086481
2283,2254.57859438502
2284,2257.42161120793
2285,2260.35010002728
2286,2262.54302232935
2287,2264.85932626597
2288,2266.70071943518
2289,2267.79849649792
2290,2268.17818826572
2291,2267.339836679
2292,2264.54292957526
2293,2261.37499660599
2294,2257.95669562281
2295,2254.55837760947
2296,2251.30523580189
2297,2248.65914906781
2298,2245.69795009392
2299,2242.75682732553
2300,2239.26603844392
2301,2236.7438442728
2302,2234.47804271832
2303,2232.16708283855
2304,2230.12644022176
2305,2227.93333164127
2306,2226.26217467183
2307,2224.89541555946
2308,2223.68217814825
2309,2222.30323749614
2310,2220.85424051421
2311,2219.02894862205
2312,2216.64416097209
2313,2214.22353439413
2314,2212.28481996317
2315,2210.28536314404
2316,2208.60276901537
2317,2207.67416888315
2318,2206.65890983917
2319,2207.16329314706
2320,2206.27984890002
2321,2204.45929547292
2322,2201.48354422898
2323,2198.19832710401
2324,2194.37389635672
2325,2190.2169378988
2326,2187.71671151957
2327,2186.07204118515
2328,2184.16420389812
2329,2182.90626122973
2330,2181.6039305262
2331,2179.93169518534
2332,2178.28468099402
2333,2176.87934767378
2334,2174.63549617646
2335,2172.02405345226
2336,2169.15244986226
2337,2166.47748967945
2338,2163.9050886012
2339,2161.01728404663
2340,2157.52611008185
2341,2154.81726251142
2342,2152.1221790933
2343,2149.56001851125
2344,2147.14297293792
2345,2144.58237324837
2346,2141.82219922397
2347,2139.20041227442
2348,2136.65338892331
2349,2133.77301513004
2350,2130.51303374806
2351,2127.4073699387
2352,2124.02359679533
2353,2120.93253905293
2354,2118.00310054471
2355,2115.26956320244
2356,2112.37602280825
2357,2109.63444795928
2358,2107.26229209935
2359,2104.19682488693
2360,2101.30824692192
2361,2098.69083708494
2362,2096.35710372689
2363,2093.92394080017
2364,2091.25137371986
2365,2088.29096478291
2366,2085.18940365674
2367,2082.39799103836
2368,2079.78385736246
2369,2076.66433115243
2370,2073.0650844691
2371,2069.49600105537
2372,2065.81590498523
2373,2062.21364095667
2374,2059.41411568606
2375,2056.47930723084
2376,2053.38792147465
2377,2050.95756192215
2378,2048.44488777963
2379,2045.88481091976
2380,2043.70044918728
2381,2041.30112083688
2382,2038.8644745893
2383,2036.19891057562
2384,2033.44860452929
2385,2030.65507296756
2386,2028.91038424541
2387,2026.86580970354
2388,2024.33311882872
2389,2021.99108381223
2390,2019.11694055255
2391,2016.59937305528
2392,2013.46300324971
2393,2010.18055431565
2394,2007.18241177762
2395,2004.65465489243
2396,2002.71387554945
2397,2001.51677511126
2398,2000.1591505388
2399,1998.79098207542
2400,1996.45387730138
2401,1993.95162409369
2402,1991.1647487393
2403,1987.83880483944
2404,1986.29474841142
2405,1985.43599811512
2406,1984.06429381971
2407,1981.48949417739
2408,1978.47054518675
2409,1974.92874647532
2410,1970.78804022449
2411,1965.9492593138
2412,1963.17624856929
2413,1961.31109274019
2414,1959.67231028864
2415,1958.32617380125
2416,1956.81679004919
2417,1954.57634108936
2418,1952.28523340695
2419,1950.27556450703
2420,1948.46214659306
2421,1947.44132444017
2422,1946.30321183062
2423,1946.88615118172
2424,1945.50511203963
2425,1943.92823156669
2426,1942.16168873165
2427,1941.20800441128
2428,1940.1530892194
2429,1939.50180631796
2430,1939.32785432771
2431,1939.95502552852
2432,1940.3359766835
2433,1940.28202172748
2434,1939.65301934314
2435,1938.95714368437
2436,1937.15530724169
2437,1933.92174340814
2438,1930.54842434293
2439,1927.68302918683
2440,1925.78927845684
2441,1923.92174628702
2442,1922.20130098208
2443,1919.99373972418
2444,1918.11058239899
2445,1916.19843428617
2446,1914.39199375366
2447,1912.47782537267
2448,1910.9127468871
2449,1908.9320769229
2450,1906.98946193058
2451,1904.97216482584
2452,1903.1606257823
2453,1901.38298042748
2454,1898.93735131698
2455,1896.44249516292
2456,1893.81560186249
2457,1891.73725335057
2458,1889.68687519937
2459,1887.00230809647
2460,1884.2890681491
2461,1881.60177022895
2462,1878.61745998388
2463,1875.41003277421
2464,1871.85918755219
2465,1868.98862097482
2466,1866.44407347997
2467,1863.6364480771
2468,1860.43405994076
2469,1857.04118810654
2470,1853.40827679409
2471,1849.66124714134
2472,1845.79299087673
2473,1841.64027164781
2474,1837.63538529583
2475,1833.46644343127
2476,1828.9024394247
2477,1824.81734534028
2478,1820.76904083867
2479,1816.81253484325
2480,1812.85612866843
2481,1809.28815761992
2482,1805.56280720482
2483,1801.51693412103
2484,1797.70732565982
2485,1793.61667638908
2486,1789.53084466873
2487,1785.34490118441
2488,1781.2034148856
2489,1777.2565980336
2490,1773.43812794576
2491,1769.39189036639
2492,1765.05565358881
2493,1760.93843605578
2494,1757.80020054947
2495,1753.09234044421
2496,1748.89318328357
2497,1744.64230058897
2498,1740.43105603462
2499,1736.31796856774
2500,1732.1560255523
2501,1728.32678643947
2502,1724.65861758689
2503,1721.11480269444
2504,1716.78908776769
2505,1712.0747188436
2506,1707.84203016223
2507,1703.78565048161
2508,1699.47841101927
2509,1694.744765959
2510,1690.51488592288
2511,1686.21777044222
2512,1682.04445503657
2513,1678.05737410818
2514,1674.54355395946
2515,1671.06792194649
2516,1667.49773104043
2517,1664.24118925637
2518,1662.16295176675
2519,1660.09260863954
2520,1658.01966211881
2521,1655.96836835593
2522,1654.81873733634
2523,1653.63637875766
2524,1650.82853647639
2525,1648.0181465993
2526,1644.97878319056
2527,1638.64813840489
2528,1632.71530718486
2529,1622.33337770846
2530,1614.04557292704
2531,1608.55332606862
2532,1603.39543036082
2533,1598.65533096941
2534,1593.68169250616
2535,1589.00365117117
2536,1584.95299032774
2537,1581.02430436944
2538,1577.73658623633
2539,1574.17316570589
2540,1570.91587032964
2541,1567.15248380117
2542,1563.13906949888
2543,1559.00210474171
2544,1555.2326449369
2545,1551.65047607764
2546,1547.99103028112
2547,1544.51537818837
2548,1541.14069413994
2549,1537.75631649951
2550,1534.10663336119
2551,1530.71190083367
2552,1526.85018052525
2553,1522.58613371006
2554,1519.29523706668
2555,1515.86473429019
2556,1512.59044012188
2557,1508.76387024995
2558,1505.10172151776
2559,1501.54176307518
2560,1498.08803187063
2561,1494.46553359392
2562,1490.98174302524
2563,1487.85421800114
2564,1484.64552969021
2565,1481.26893401865
2566,1478.35712890658
2567,1475.63830731106
2568,1472.68619592584
2569,1470.13150477005
2570,1467.32235424392
2571,1465.05496907584
2572,1463.15569879278
2573,1460.51261035421
2574,1458.60081052613
2575,1456.37138433967
2576,1454.80975973815
2577,1453.3664246294
2578,1451.49579094932
2579,1449.79588109335
2580,1448.96730126639
2581,1449.69101982705
2582,1450.75080418315
2583,1451.29745148091
2584,1451.64855777827
2585,1452.23362789436
2586,1452.95584505529
2587,1453.78607264164
2588,1455.19773110472
2589,1456.31332925319
2590,1457.61400164109
2591,1458.53828681948
2592,1459.4793116807
2593,1459.67433703597
2594,1460.16862056751
2595,1459.95781921822
2596,1459.39862241265
2597,1457.56081961386
2598,1455.01224386045
2599,1450.71722664536
2600,1446.30160011481
2601,1442.27808476217
2602,1437.89114611479
2603,1433.33674048928
2604,1428.19725654652
2605,1423.86751864613
2606,1419.58397821814
2607,1414.59436515719
2608,1410.95030347985
2609,1405.72464585854
2610,1400.75644388477
2611,1397.65177748722
2612,1394.04056529038
2613,1390.40562980848
2614,1386.05303946479
2615,1381.5530263686
2616,1375.90721178086
2617,1371.01791721465
2618,1366.51021422719
2619,1362.01237014321
2620,1357.59490416098
2621,1352.66545795551
2622,1349.81300746127
2623,1346.86702377451
2624,1343.22580889792
2625,1340.44522018358
2626,1337.44606747898
2627,1334.02945449958
2628,1330.33612320027
2629,1326.48129969527
2630,1323.60262902058
2631,1322.22173563142
2632,1320.18220090991
2633,1318.7882796658
2634,1317.65567605134
2635,1316.78113527966
2636,1315.94436172506
2637,1315.26400588596
2638,1314.69507096681
2639,1313.31916588699
2640,1311.00747517945
2641,1308.46932672649
2642,1305.27785169954
2643,1302.57241999273
2644,1299.66880152658
2645,1296.36349954184
2646,1293.17371094158
2647,1290.52043714163
2648,1287.91426658816
2649,1285.19299945614
2650,1282.73692750938
2651,1280.48636002304
2652,1278.25609563383
2653,1275.08079307748
2654,1273.21465913137
2655,1271.34932534434
2656,1268.61997134014
2657,1266.65903478305
2658,1265.22281510485
2659,1262.89380636106
2660,1260.95199138255
2661,1259.94938000821
2662,1258.9414005874
2663,1258.97339379928
2664,1258.30585174059
2665,1258.3106829478
2666,1258.3106829478
2667,1258.3106829478
2668,1258.3106829478
2669,1258.3106829478
2670,1258.3106829478
2671,1258.3106829478
2672,1258.3106829478
2673,1258.1967157022
2674,1258.08271520747
2675,1257.96878807454
2676,1257.85488101382
2677,1257.74099402868
2678,1257.62712712667
2679,1257.51322694099
2680,1257.39940020643
2681,1257.28558780914
2682,1257.17180127763
2683,1257.35658769879
2684,1258.51125485553
2685,1259.45739906127
2686,1259.98652006798
2687,1260.6331663983
2688,1260.42071157224
2689,1259.58145506381
2690,1259.17776122601
2691,1259.22104183449
2692,1259.24027844668
2693,1259.18201052064
2694,1259.12368850693
2695,1259.06536655042
2696,1259.00709879748
2697,1258.94877695517
2698,1258.89050931781
2699,1258.83218758978
2700,1258.77386591901
2701,1258.71560419172
2702,1258.65728263542
2703,1258.59901528762
2704,1258.54069384549
2705,1258.48237246081
2706,1258.42410528633
2707,1258.3657840153
2708,1258.30751695708
2709,1258.24919580124
2710,1258.19092885852
2711,1258.13260781711
2712,1258.07429256996
2713,1254.91186400928
2714,1251.80811758844
2715,1249.07741777987
2716,1247.00148559403
2717,1245.03100644053
2718,1245.84616980259
2719,1244.77326456178
2720,1243.23196396263
2721,1241.5878049115
2722,1241.47509458399
2723,1241.47053561703
2724,1241.47070497104
2725,1241.47088233282
2726,1241.4710134534
2727,1241.47120683946
2728,1241.47140823402
2729,1241.47156340974
2730,1241.47178082805
2731,1241.47200625427
2732,1241.47218548613
2733,1241.4724269361
2734,1241.47267639452
2735,1241.47293386119
2736,1241.47314516409
2737,1241.47341865437
2738,1241.47370015316
2739,1242.71450473287
2740,1242.80932484121
2741,1244.94216385869
2742,1244.99422545164
2743,1244.99422545164
2744,1245.9361776249
2745,1247.3929670729
2746,1248.43583924308
2747,1250.31688406436
2748,1253.1257715137
2749,1256.49581563448
2750,1258.77151865406
2751,1259.66000832498
2752,1259.50677176888
2753,1258.90608326302
2754,1258.53925255391
2755,1258.38640827983
2756,1257.97861408586
2757,1257.43642496606
2758,1256.90955846512
2759,1255.99024223228
2760,1254.85269162901
2761,1253.39026226945
2762,1252.02665982093
2763,1250.81619882433
2764,1250.07144335292
2765,1249.22043859087
2766,1247.92403435853
2767,1247.31264181516
2768,1246.43469416733
2769,1245.32211868837
2770,1244.25235967861
2771,1244.03754344464
2772,1244.09082034821
2773,1244.09082034821
2774,1244.09082034821
2775,1243.5281769895
2776,1242.96571273622
2777,1242.40354508575
2778,1240.93178456767
2779,1239.66301959153
2780,1238.16074248548
2781,1236.62487855488
2782,1235.31013267092
2783,1234.17459175664
2784,1232.52311776483
2785,1230.88588139657
2786,1229.5169447334
2787,1227.91891986444
2788,1226.21325972854
2789,1224.53994956635
2790,1223.463486609
2791,1222.98671354061
2792,1222.59255772561
2793,1221.93357715827
2794,1220.48899154525
2795,1219.32122868626
2796,1218.08977139697
2797,1217.08635380757
2798,1215.74582628622
2799,1214.65469675939
2800,1214.18512849729
2801,1213.43340868195
2802,1212.70594314381
2803,1211.89454094223
2804,1210.52064118409
2805,1208.933659033
2806,1206.84634026444
2807,1204.93349994261
2808,1203.06618525982
2809,1200.65238969575
2810,1197.84501704312
2811,1195.81074670262
2812,1193.96261333236
2813,1191.11580728725
2814,1187.46424166078
2815,1184.38755727402
2816,1182.28304322745
2817,1180.19130674488
2818,1177.73690355309
2819,1175.64506672893
2820,1173.74429957466
2821,1171.81806757866
2822,1170.00782398944
2823,1167.47467946482
2824,1165.18209315632
2825,1163.93382918695
2826,1162.57484115259
2827,1160.42703897882
2828,1156.47834921339
2829,1151.77475290958
2830,1147.38850873938
2831,1144.49201840443
2832,1142.49679912611
2833,1140.18158592435
2834,1138.9457815931
2835,1137.49370070455
2836,1136.53839537884
2837,1135.81614423676
2838,1133.94307851576
2839,1130.85478524561
2840,1129.43025600603
2841,1129.20228631984
2842,1128.67964212548
2843,1128.05760609522
2844,1127.8250450169
2845,1128.15922644101
2846,1127.95647909283
2847,1126.91625069264
2848,1125.91084339691
2849,1123.49918187505
2850,1119.15778558838
2851,1117.19425922045
2852,1116.287439266
2853,1114.95176788973
2854,1110.88002546688
2855,1107.50058639433
2856,1106.75886924723
2857,1106.85205613034
2858,1107.09035509689
2859,1108.01422251093
2860,1107.98441727368
2861,1107.10860808667
2862,1105.61636720001
2863,1105.57959606621
2864,1105.53231459367
2865,1105.53231459367
2866,1104.60316336623
2867,1103.67951764667
2868,1102.76139126875
2869,1101.84879802989
2870,1100.94175168873
2871,1100.04026596758
2872,1099.14435454765
2873,1098.25403107101
2874,1097.36931544455
2875,1096.4902086194
2876,1095.61673041381
2877,1094.74889430082
2878,1093.26861508161
2879,1093.32255266408
2880,1094.01822816859
2881,1094.95266183305
2882,1096.50397268238
2883,1097.94372478832
2884,1099.93386581006
2885,1101.37122384392
2886,1102.5054169485
2887,1103.12637942001
2888,1104.07404519605
2889,1104.89851039207
2890,1105.66108271665
2891,1106.12072473864
2892,1106.21629138601
2893,1106.3135587093
2894,1106.92267788436
2895,1107.05379459219
2896,1106.6687548628
2897,1106.51292100786
2898,1106.99959783854
2899,1107.01738347936
2900,1107.97582210232
2901,1106.89001985642
2902,1107.61816705512
2903,1107.13443396718
2904,1107.92919671964
2905,1108.23510695241
2906,1108.43555154447
2907,1109.15864058496
2908,1109.78365742534
2909,1108.93319692448
2910,1107.68018226084
2911,1106.57200789248
2912,1105.84402028569
2913,1105.83385902403
2914,1104.90691300197
2915,1105.28250753768
2916,1105.27856642302
2917,1105.0890647539
2918,1104.89958160036
2919,1104.71007348963
2920,1104.52059037144
2921,1104.3310887718
2922,1104.14159921273
2923,1103.95209764771
2924,1103.76260812442
2925,1103.57312509518
2926,1103.38362358248
2927,1103.1941341126
2928,1103.00463263481
2929,1102.81514967688
2930,1102.62564175754
2931,1099.70602456881
2932,1096.1532096118
2933,1093.16113578114
2934,1090.14908707048
2935,1086.94579591654
2936,1083.27582838707
2937,1080.09626752309
2938,1076.76331046001
2939,1072.84721472437
2940,1069.19031721421
2941,1065.30166539691
2942,1061.58525498415
2943,1058.05194909283
2944,1055.00260905769
2945,1051.82730962685
2946,1048.81647866365
2947,1045.54805730062
2948,1042.1763700817
2949,1038.76443106274
2950,1035.03240319899
2951,1030.99459417608
2952,1026.48078916552
2953,1021.64676889696
2954,1017.76794909728
2955,1012.28571717444
2956,1005.65355344202
2957,1000.49182828933
2958,994.799398453854
2959,988.893062665657
2960,984.268929469196
2961,979.989174605554
2962,975.645338772442
2963,971.723612909918
2964,967.178917898981
2965,962.666529365134
2966,958.386975412287
2967,953.870486241202
2968,949.146846522711
2969,944.092996352871
2970,939.151864315714
2971,933.560500262896
2972,928.069551832676
2973,922.127193937938
2974,916.547135018136
2975,911.283674959237
2976,905.54458314439
2977,899.821606903438
2978,894.72545859766
2979,890.352351930689
2980,886.814863101747
2981,882.801107434966
2982,878.504068120646
2983,874.368164999085
2984,870.167799506768
2985,866.326117298539
2986,862.663082673893
2987,859.455383263804
2988,856.688312172932
2989,853.514256473728
2990,850.67523339269
2991,848.305821372521
2992,846.070596278052
2993,844.142999297682
2994,842.445137616274
2995,840.698985513237
2996,839.635269571767
2997,838.474925059541
2998,837.038216769748
3028,834.530474337804
3029,832.47841378113
3030,829.637411176456
3031,825.945358121595
3032,821.369065046677
3033,817.067864420681
3034,812.600435300968
3035,807.57244099385
3036,802.155526456091
3037,796.85307181392
3038,791.212016705031
3039,785.486464219273
3040,779.824858144451
3041,774.244532720011
3042,768.99452163615
3043,763.792375851364
3044,758.773395115977
3045,754.044273129486
3046,749.22506504548
3047,744.043306861293
3048,739.155700852617
3049,734.449735631077
3050,729.405336066821
3051,724.721904255124
3052,720.501700541684
3053,717.050669121682
3054,714.790645037548
3055,712.90483323156
3056,711.16259561232
3057,708.759926260832
3058,705.950655216705
3059,703.39058660679
3060,701.539576614216
3061,700.263773849712
3062,698.486837627587
3063,696.42518933099
3064,694.675266022767
3065,693.357016951247
3066,691.503530461448
3067,689.9755140094
3068,688.481953548449
3069,687.003478629101
3070,685.409397338512
3071,683.168902275359
3072,680.988675308306
3073,678.144512214959
3074,675.818677239648
3075,673.693088519831
3076,672.141384503087
3077,670.679719095207
3078,669.349421852937
3079,668.136426325771
3080,667.037407470786
3081,665.783492679271
3082,664.87303481666
3083,663.691434187828
3084,662.511667480554
3085,660.406800825863
3086,657.869711530546
3087,655.263121074159
3088,652.677251939619
3089,649.951405007555
3090,646.771942382015
3091,643.41644472675
3092,640.542207798937
3093,637.826045117687
3094,635.619911952089
3095,633.169842652277
3096,630.91611602269
3097,629.02579106158
3098,626.380102111083
3099,623.302520385055
3100,620.413056514351
3101,617.805543271553
3102,615.306613672623
3103,613.291918000618
3104,610.821967813738
3105,608.357805451072
3106,606.024320074651
3107,602.994367281521
3108,599.608235314268
3109,595.648060640302
3110,591.892538505456
3111,587.97292420661
3112,584.078047002651
3113,580.558404788531
3114,576.098651173428
3115,571.040133964368
3116,566.145192671827
3117,561.302511086704
3118,556.51794082522
3119,552.205378436705
3120,547.7634551766
3121,542.63052240702
3122,537.707905791652
3123,533.305606523543
3124,529.45524416411
3125,525.519809357397
3126,521.393511316767
3127,517.889333001805
3128,515.187356711598
3129,513.183611764136
3130,511.728298908006
3131,510.616330527515
3132,509.392242452762
3133,509.016967583587
3134,508.641850898381
3135,508.266939069653
3136,507.892179767977
3137,507.51763892002
3138,507.14327470557
3139,506.769070365494
3140,506.395073231201
3141,506.021230328493
3142,504.841713784039
3143,503.003585579789
3144,500.300460556523
3145,497.425903455484
3146,494.967462557139
3147,491.459833733312
3148,487.77158089602
3149,483.932622689776
3150,478.95210315413
3151,471.78226181054
3152,464.916452989994
3153,459.001488372345
3154,453.715270238028
3155,447.68184762747
3156,442.939571577221
3157,437.174840499837
3158,431.425391029221
3159,426.40477350846
3160,421.599051215519
3161,417.027367402782
3162,411.649913298583
3163,407.201499605649
3164,402.492043919315
3165,397.452921578583
3166,392.414075318867
3167,387.18662560748
3168,382.735595738313
3169,378.253258467242
3170,374.089857971578
3171,369.71616210083
3172,365.522988692885
3173,360.863017765006
3174,356.900597472253
3175,353.028435256614
3176,350.059873546478
3177,346.830180442387
3178,344.085694612491
3179,341.496437608715
3180,338.921189378431
3181,336.70392875419
3182,334.043105386147
3183,331.403988111355
3184,329.100174868199
3185,326.372029005607
3186,323.223787767421
3187,319.451469207972
3188,314.815176224014
3189,311.260187859229
3190,307.944758100995
3191,305.577549914136
3192,304.140552837704
3193,303.973072303429
3194,303.805781079689
3195,303.638685432281
3196,303.47182082793
3197,303.305099492422
3198,303.138568721805
3199,302.972228829757
3200,302.806080130793
3201,302.640122939806
3202,302.474357572601
3203,302.308831964968
3204,302.143457204601
3205,301.978269279653
3206,301.8132744433
3207,298.958309432118
3208,295.628476871616
3209,290.639556246503
3210,285.795664224793
3211,280.91862377252
3212,275.867903131895
3213,271.560277074663
3214,267.17345767743
3215,262.635264468162
3216,257.823650354106
3217,253.007119419168
3218,247.723761653099
3219,243.768876707302
3220,239.153994330564
3221,234.256151516472
3222,229.482747371351
3223,225.182031327513
3224,220.409950314311
3225,215.999820977095
3226,211.048188172262
3227,206.5694413846
3228,201.98797943809
3229,197.576857430473
3230,193.143199937157
3231,188.595543939051
3232,184.450116609938
3233,179.504560733498
3234,174.500584093071
3235,169.358242271257
3236,165.013845524991
3237,160.911161759197
3238,156.343573065593
3239,152.436220476302
3240,148.601481365966
3241,144.432802058395
3242,140.327007499112
3243,136.029297790228
3244,132.039943935077
3245,127.862295664485
3246,123.775851320294
3247,120.316825438063
3248,117.169088018216
3249,113.549870156024
3250,110.13508548356
3251,106.77966802313
3252,103.63525626611
3253,100.645316748228
3254,97.6729704656881
3255,94.4289829528464
3256,91.820473827464
3257,88.7224106344724
3258,86.3400181788658
3259,83.6272779083389
3260,80.7529227576053
3261,78.2037445015387
3262,75.8695558135174
3263,74.3931069198517
3264,73.0588360034586
3265,71.8749023105294
3266,70.2992881333398
3267,69.2216470011579
3268,67.7595638585803
3269,67.1076027593356
3270,66.0836884695116
3271,65.9349281120374
3272,65.7865809194124
3273,65.638541722242
3274,65.490703766751
3275,65.343288121196
3276,65.196185437134
3277,65.0492902007678
3278,64.9028237779449
3279,64.7566768000777
3280,64.6108527466254
3281,64.465245866604
3282,64.3200741859713
3283,64.1752320464703
3284,64.0306123635412
3285,63.8864371710658
3286,63.7425970768256
3287,63.5989861000857
3288,63.4558265547577
3289,63.3130090431454
3290,63.1704274506361
3291,63.0283043641392
3292,62.886530384913
3293,61.3872478436527
3294,58.5113636665279
3295,55.744144684415
3296,52.3102899165377
3297,48.5264412450581
3298,44.3307795363613
3299,40.083012817948
3300,35.8344230513329
3301,31.9700613735435
3302,29.4070410470661
3303,26.430773882345
3304,25.1604041006604
3305,23.8951131797012
3306,22.5998188611471
3307,21.3323617090829
3308,20.4966338769579
3309,20.487844655925
3310,20.487844655925
3311,20.487844655925
