timestamp,description
2020-10-08T11:59:42Z,122
2020-10-08T11:59:43Z,122
2020-10-08T11:59:44Z,122
2020-10-08T11:59:45Z,122
2020-10-08T11:59:46Z,122
2020-10-08T11:59:47Z,122
2020-10-08T11:59:48Z,122
2020-10-08T11:59:49Z,122
2020-10-08T11:59:50Z,122
2020-10-08T11:59:51Z,122
2020-10-08T11:59:52Z,122
2020-10-08T11:59:53Z,122
2020-10-08T11:59:54Z,122
2020-10-08T11:59:55Z,121
2020-10-08T11:59:56Z,121
2020-10-08T11:59:57Z,121
2020-10-08T11:59:58Z,121
2020-10-08T11:59:59Z,122
2020-10-08T12:00:00Z,124
2020-10-08T12:00:01Z,125
2020-10-08T12:00:02Z,127
2020-10-08T12:00:03Z,128
2020-10-08T12:00:04Z,128
2020-10-08T12:00:05Z,129
2020-10-08T12:00:06Z,130
2020-10-08T12:00:07Z,130
2020-10-08T12:00:08Z,131
2020-10-08T12:00:09Z,132
2020-10-08T12:00:10Z,132
2020-10-08T12:00:11Z,133
2020-10-08T12:00:12Z,134
2020-10-08T12:00:13Z,134
2020-10-08T12:00:14Z,134
2020-10-08T12:00:15Z,134
2020-10-08T12:00:16Z,134
2020-10-08T12:00:17Z,134
2020-10-08T12:00:18Z,134
2020-10-08T12:00:19Z,134
2020-10-08T12:00:20Z,134
2020-10-08T12:00:21Z,134
2020-10-08T12:00:22Z,134
2020-10-08T12:00:23Z,134
2020-10-08T12:00:24Z,134
2020-10-08T12:00:25Z,134
2020-10-08T12:00:26Z,134
2020-10-08T12:00:27Z,134
2020-10-08T12:00:28Z,134
2020-10-08T12:00:29Z,135
2020-10-08T12:00:30Z,135
2020-10-08T12:00:31Z,135
2020-10-08T12:00:32Z,135
2020-10-08T12:00:33Z,135
2020-10-08T12:00:34Z,135
2020-10-08T12:00:35Z,137
2020-10-08T12:00:36Z,139
2020-10-08T12:00:37Z,140
2020-10-08T12:00:38Z,142
2020-10-08T12:00:39Z,143
2020-10-08T12:00:40Z,144
2020-10-08T12:00:41Z,145
2020-10-08T12:00:42Z,146
2020-10-08T12:00:43Z,146
2020-10-08T12:00:44Z,146
2020-10-08T12:00:45Z,146
2020-10-08T12:00:46Z,145
2020-10-08T12:00:47Z,145
2020-10-08T12:00:48Z,145
2020-10-08T12:00:49Z,145
2020-10-08T12:00:50Z,145
2020-10-08T12:00:51Z,145
2020-10-08T12:00:52Z,145
2020-10-08T12:00:53Z,145
2020-10-08T12:00:54Z,145
2020-10-08T12:00:55Z,145
2020-10-08T12:00:56Z,145
2020-10-08T12:00:57Z,146
2020-10-08T12:00:58Z,148
2020-10-08T12:00:59Z,150
2020-10-08T12:01:00Z,153
2020-10-08T12:01:01Z,154
2020-10-08T12:01:02Z,156
2020-10-08T12:01:03Z,157
2020-10-08T12:01:04Z,157
2020-10-08T12:01:05Z,158
2020-10-08T12:01:06Z,158
2020-10-08T12:01:07Z,159
2020-10-08T12:01:08Z,159
2020-10-08T12:01:09Z,160
2020-10-08T12:01:10Z,160
2020-10-08T12:01:11Z,161
2020-10-08T12:01:12Z,161
2020-10-08T12:01:13Z,162
2020-10-08T12:01:14Z,163
2020-10-08T12:01:15Z,163
2020-10-08T12:01:16Z,163
2020-10-08T12:01:17Z,163
2020-10-08T12:01:18Z,163
2020-10-08T12:01:19Z,162
2020-10-08T12:01:20Z,162
2020-10-08T12:01:21Z,162
2020-10-08T12:01:22Z,162
2020-10-08T12:01:23Z,163
2020-10-08T12:01:24Z,163
2020-10-08T12:01:25Z,163
2020-10-08T12:01:26Z,164
2020-10-08T12:01:27Z,164
2020-10-08T12:01:28Z,164
2020-10-08T12:01:29Z,164
2020-10-08T12:01:30Z,165
2020-10-08T12:01:31Z,166
2020-10-08T12:01:32Z,165
2020-10-08T12:01:33Z,165
2020-10-08T12:01:34Z,165
2020-10-08T12:01:35Z,166
2020-10-08T12:01:36Z,167
2020-10-08T12:01:37Z,168
2020-10-08T12:01:38Z,168
2020-10-08T12:01:39Z,168
2020-10-08T12:01:40Z,168
2020-10-08T12:01:41Z,168
2020-10-08T12:01:42Z,168
2020-10-08T12:01:43Z,168
2020-10-08T12:01:44Z,168
2020-10-08T12:01:45Z,169
2020-10-08T12:01:46Z,170
2020-10-08T12:01:47Z,172
2020-10-08T12:01:48Z,174
2020-10-08T12:01:49Z,174
2020-10-08T12:01:50Z,174
2020-10-08T12:01:51Z,174
2020-10-08T12:01:52Z,174
2020-10-08T12:01:53Z,174
2020-10-08T12:01:54Z,173
2020-10-08T12:01:55Z,172
2020-10-08T12:01:56Z,172
2020-10-08T12:01:57Z,172
2020-10-08T12:01:58Z,172
2020-10-08T12:01:59Z,172
2020-10-08T12:02:00Z,172
2020-10-08T12:02:01Z,172
2020-10-08T12:02:02Z,173
2020-10-08T12:02:03Z,173
2020-10-08T12:02:04Z,173
2020-10-08T12:02:05Z,174
2020-10-08T12:02:06Z,174
2020-10-08T12:02:07Z,174
2020-10-08T12:02:08Z,174
2020-10-08T12:02:09Z,174
2020-10-08T12:02:10Z,174
2020-10-08T12:02:11Z,174
2020-10-08T12:02:12Z,175
2020-10-08T12:02:13Z,175
2020-10-08T12:02:14Z,176
2020-10-08T12:02:15Z,177
2020-10-08T12:02:16Z,178
2020-10-08T12:02:17Z,178
2020-10-08T12:02:18Z,179
2020-10-08T12:02:19Z,179
2020-10-08T12:02:20Z,179
2020-10-08T12:02:21Z,179
2020-10-08T12:02:22Z,179
2020-10-08T12:02:23Z,178
2020-10-08T12:02:24Z,178
2020-10-08T12:02:25Z,178
2020-10-08T12:02:26Z,178
2020-10-08T12:02:27Z,178
2020-10-08T12:02:28Z,179
2020-10-08T12:02:29Z,180
2020-10-08T12:02:30Z,180
2020-10-08T12:02:31Z,179
2020-10-08T12:02:32Z,179
2020-10-08T12:02:33Z,179
2020-10-08T12:02:34Z,179
2020-10-08T12:02:35Z,179
2020-10-08T12:02:36Z,179
2020-10-08T12:02:37Z,179
2020-10-08T12:02:38Z,179
2020-10-08T12:02:39Z,179
2020-10-08T12:02:40Z,179
2020-10-08T12:02:41Z,179
2020-10-08T12:02:42Z,179
2020-10-08T12:02:43Z,179
2020-10-08T12:02:44Z,179
2020-10-08T12:02:45Z,179
2020-10-08T12:02:46Z,179
2020-10-08T12:02:47Z,179
2020-10-08T12:02:48Z,179
2020-10-08T12:02:49Z,179
2020-10-08T12:02:50Z,180
2020-10-08T12:02:51Z,180
2020-10-08T12:02:52Z,180
2020-10-08T12:02:53Z,180
2020-10-08T12:02:54Z,180
2020-10-08T12:02:55Z,180
2020-10-08T12:02:56Z,180
2020-10-08T12:02:57Z,180
2020-10-08T12:02:58Z,180
2020-10-08T12:02:59Z,180
2020-10-08T12:03:00Z,179
2020-10-08T12:03:01Z,179
2020-10-08T12:03:02Z,179
2020-10-08T12:03:03Z,180
2020-10-08T12:03:04Z,181
2020-10-08T12:03:05Z,181
2020-10-08T12:03:06Z,181
2020-10-08T12:03:07Z,180
2020-10-08T12:03:08Z,180
2020-10-08T12:03:09Z,180
2020-10-08T12:03:10Z,180
2020-10-08T12:03:11Z,180
2020-10-08T12:03:12Z,180
2020-10-08T12:03:13Z,180
2020-10-08T12:03:14Z,180
2020-10-08T12:03:15Z,180
2020-10-08T12:03:16Z,180
2020-10-08T12:03:17Z,180
2020-10-08T12:03:18Z,180
2020-10-08T12:03:19Z,180
2020-10-08T12:03:20Z,180
2020-10-08T12:03:21Z,180
2020-10-08T12:03:22Z,180
2020-10-08T12:03:23Z,179
2020-10-08T12:03:24Z,179
2020-10-08T12:03:25Z,179
2020-10-08T12:03:26Z,180
2020-10-08T12:03:27Z,180
2020-10-08T12:03:28Z,179
2020-10-08T12:03:29Z,179
2020-10-08T12:03:30Z,179
2020-10-08T12:03:31Z,179
2020-10-08T12:03:32Z,178
2020-10-08T12:03:33Z,178
2020-10-08T12:03:34Z,178
2020-10-08T12:03:35Z,178
2020-10-08T12:03:36Z,179
2020-10-08T12:03:37Z,178
2020-10-08T12:03:38Z,178
2020-10-08T12:03:39Z,178
2020-10-08T12:03:40Z,178
2020-10-08T12:03:41Z,178
2020-10-08T12:03:42Z,178
2020-10-08T12:03:43Z,177
2020-10-08T12:03:44Z,177
2020-10-08T12:03:45Z,176
2020-10-08T12:03:46Z,176
2020-10-08T12:03:47Z,176
2020-10-08T12:03:48Z,176
2020-10-08T12:03:49Z,176
2020-10-08T12:03:50Z,176
2020-10-08T12:03:51Z,176
2020-10-08T12:03:52Z,175
2020-10-08T12:03:53Z,175
2020-10-08T12:03:54Z,175
2020-10-08T12:03:55Z,175
2020-10-08T12:03:56Z,176
2020-10-08T12:03:57Z,176
2020-10-08T12:03:58Z,176
2020-10-08T12:03:59Z,176
2020-10-08T12:04:00Z,176
2020-10-08T12:04:01Z,176
2020-10-08T12:04:02Z,177
2020-10-08T12:04:03Z,177
2020-10-08T12:04:04Z,177
2020-10-08T12:04:05Z,178
2020-10-08T12:04:06Z,178
2020-10-08T12:04:07Z,178
2020-10-08T12:04:08Z,178
2020-10-08T12:04:09Z,178
2020-10-08T12:04:10Z,178
2020-10-08T12:04:11Z,179
2020-10-08T12:04:12Z,179
2020-10-08T12:04:13Z,179
2020-10-08T12:04:14Z,179
2020-10-08T12:04:15Z,179
2020-10-08T12:04:16Z,178
2020-10-08T12:04:17Z,178
2020-10-08T12:04:18Z,178
2020-10-08T12:04:19Z,178
2020-10-08T12:04:20Z,178
2020-10-08T12:04:21Z,179
2020-10-08T12:04:22Z,179
2020-10-08T12:04:23Z,179
2020-10-08T12:04:24Z,178
2020-10-08T12:04:25Z,178
2020-10-08T12:04:26Z,178
2020-10-08T12:04:27Z,177
2020-10-08T12:04:28Z,177
2020-10-08T12:04:29Z,177
2020-10-08T12:04:30Z,176
2020-10-08T12:04:31Z,176
2020-10-08T12:04:32Z,175
2020-10-08T12:04:33Z,175
2020-10-08T12:04:34Z,174
2020-10-08T12:04:35Z,174
2020-10-08T12:04:36Z,173
2020-10-08T12:04:37Z,173
2020-10-08T12:04:38Z,172
2020-10-08T12:04:39Z,171
2020-10-08T12:04:40Z,171
2020-10-08T12:04:41Z,170
2020-10-08T12:04:42Z,170
2020-10-08T12:04:43Z,170
2020-10-08T12:04:44Z,169
2020-10-08T12:04:45Z,169
2020-10-08T12:04:46Z,169
2020-10-08T12:04:47Z,169
2020-10-08T12:04:48Z,168
2020-10-08T12:04:49Z,168
2020-10-08T12:04:50Z,168
2020-10-08T12:04:51Z,168
2020-10-08T12:04:52Z,168
2020-10-08T12:04:53Z,168
2020-10-08T12:04:54Z,168
2020-10-08T12:04:55Z,168
2020-10-08T12:04:56Z,168
2020-10-08T12:04:57Z,168
2020-10-08T12:04:58Z,168
2020-10-08T12:04:59Z,167
2020-10-08T12:05:00Z,167
2020-10-08T12:05:01Z,166
2020-10-08T12:05:02Z,165
2020-10-08T12:05:03Z,164
2020-10-08T12:05:04Z,164
2020-10-08T12:05:05Z,163
2020-10-08T12:05:06Z,162
2020-10-08T12:05:07Z,162
2020-10-08T12:05:08Z,162
2020-10-08T12:05:09Z,162
2020-10-08T12:05:10Z,162
2020-10-08T12:05:11Z,161
2020-10-08T12:05:12Z,161
2020-10-08T12:05:13Z,160
2020-10-08T12:05:14Z,160
2020-10-08T12:05:15Z,160
2020-10-08T12:05:16Z,160
2020-10-08T12:05:17Z,160
2020-10-08T12:05:18Z,160
2020-10-08T12:05:19Z,160
2020-10-08T12:05:20Z,161
2020-10-08T12:05:21Z,160
2020-10-08T12:05:22Z,161
2020-10-08T12:05:23Z,161
2020-10-08T12:05:24Z,161
2020-10-08T12:05:25Z,162
2020-10-08T12:05:26Z,162
2020-10-08T12:05:27Z,162
2020-10-08T12:05:28Z,162
2020-10-08T12:05:29Z,162
2020-10-08T12:05:30Z,162
2020-10-08T12:05:31Z,163
2020-10-08T12:05:32Z,163
2020-10-08T12:05:33Z,164
2020-10-08T12:05:34Z,164
2020-10-08T12:05:35Z,164
2020-10-08T12:05:36Z,164
2020-10-08T12:05:37Z,164
2020-10-08T12:05:38Z,165
2020-10-08T12:05:39Z,165
2020-10-08T12:05:40Z,165
2020-10-08T12:05:41Z,166
2020-10-08T12:05:42Z,166
2020-10-08T12:05:43Z,166
2020-10-08T12:05:44Z,167
2020-10-08T12:05:45Z,167
2020-10-08T12:05:46Z,167
2020-10-08T12:05:47Z,167
2020-10-08T12:05:48Z,167
2020-10-08T12:05:49Z,167
2020-10-08T12:05:50Z,167
2020-10-08T12:05:51Z,168
2020-10-08T12:05:52Z,168
2020-10-08T12:05:53Z,168
2020-10-08T12:05:54Z,169
2020-10-08T12:05:55Z,169
2020-10-08T12:05:56Z,170
2020-10-08T12:05:57Z,170
2020-10-08T12:05:58Z,170
2020-10-08T12:05:59Z,170
2020-10-08T12:06:00Z,170
2020-10-08T12:06:01Z,171
2020-10-08T12:06:02Z,172
2020-10-08T12:06:03Z,172
2020-10-08T12:06:04Z,172
2020-10-08T12:06:05Z,172
2020-10-08T12:06:06Z,173
2020-10-08T12:06:07Z,173
2020-10-08T12:06:08Z,174
2020-10-08T12:06:09Z,174
2020-10-08T12:06:10Z,174
2020-10-08T12:06:11Z,174
2020-10-08T12:06:12Z,173
2020-10-08T12:06:13Z,173
2020-10-08T12:06:14Z,172
2020-10-08T12:06:15Z,173
2020-10-08T12:06:16Z,173
2020-10-08T12:06:17Z,173
2020-10-08T12:06:18Z,173
2020-10-08T12:06:19Z,173
2020-10-08T12:06:20Z,173
2020-10-08T12:06:21Z,174
2020-10-08T12:06:22Z,174
2020-10-08T12:06:23Z,175
2020-10-08T12:06:24Z,175
2020-10-08T12:06:25Z,175
2020-10-08T12:06:26Z,176
2020-10-08T12:06:27Z,176
2020-10-08T12:06:28Z,176
2020-10-08T12:06:29Z,176
2020-10-08T12:06:30Z,176
2020-10-08T12:06:31Z,176
2020-10-08T12:06:32Z,176
2020-10-08T12:06:33Z,176
2020-10-08T12:06:34Z,176
2020-10-08T12:06:35Z,175
2020-10-08T12:06:36Z,175
2020-10-08T12:06:37Z,175
2020-10-08T12:06:38Z,175
2020-10-08T12:06:39Z,175
2020-10-08T12:06:40Z,176
2020-10-08T12:06:41Z,176
2020-10-08T12:06:42Z,176
2020-10-08T12:06:43Z,177
2020-10-08T12:06:44Z,177
2020-10-08T12:06:45Z,177
2020-10-08T12:06:46Z,177
2020-10-08T12:06:47Z,178
2020-10-08T12:06:48Z,178
2020-10-08T12:06:49Z,178
2020-10-08T12:06:50Z,179
2020-10-08T12:06:51Z,179
2020-10-08T12:06:52Z,179
2020-10-08T12:06:53Z,179
2020-10-08T12:06:54Z,179
2020-10-08T12:06:55Z,179
2020-10-08T12:06:56Z,179
2020-10-08T12:06:57Z,179
2020-10-08T12:06:58Z,179
2020-10-08T12:06:59Z,180
2020-10-08T12:07:00Z,180
2020-10-08T12:07:01Z,179
2020-10-08T12:07:02Z,179
2020-10-08T12:07:03Z,179
2020-10-08T12:07:04Z,179
2020-10-08T12:07:05Z,180
2020-10-08T12:07:06Z,180
2020-10-08T12:07:07Z,180
2020-10-08T12:07:08Z,180
2020-10-08T12:07:09Z,180
2020-10-08T12:07:10Z,180
2020-10-08T12:07:11Z,180
2020-10-08T12:07:12Z,180
2020-10-08T12:07:13Z,180
2020-10-08T12:07:14Z,181
2020-10-08T12:07:15Z,181
2020-10-08T12:07:16Z,181
2020-10-08T12:07:17Z,180
2020-10-08T12:07:18Z,181
2020-10-08T12:07:19Z,181
2020-10-08T12:07:20Z,181
2020-10-08T12:07:21Z,181
2020-10-08T12:07:22Z,180
2020-10-08T12:07:23Z,180
2020-10-08T12:07:24Z,180
2020-10-08T12:07:25Z,181
2020-10-08T12:07:26Z,181
2020-10-08T12:07:27Z,181
2020-10-08T12:07:28Z,181
2020-10-08T12:07:29Z,181
2020-10-08T12:07:30Z,181
2020-10-08T12:07:31Z,181
2020-10-08T12:07:32Z,181
2020-10-08T12:07:33Z,181
2020-10-08T12:07:34Z,181
2020-10-08T12:07:35Z,182
2020-10-08T12:07:36Z,182
2020-10-08T12:07:37Z,182
2020-10-08T12:07:38Z,182
2020-10-08T12:07:39Z,182
2020-10-08T12:07:40Z,182
2020-10-08T12:07:41Z,182
2020-10-08T12:07:42Z,182
2020-10-08T12:07:43Z,182
2020-10-08T12:07:44Z,182
2020-10-08T12:07:45Z,182
2020-10-08T12:07:46Z,182
2020-10-08T12:07:47Z,182
2020-10-08T12:07:48Z,183
2020-10-08T12:07:49Z,183
2020-10-08T12:07:50Z,183
2020-10-08T12:07:51Z,183
2020-10-08T12:07:52Z,183
2020-10-08T12:07:53Z,183
2020-10-08T12:07:54Z,183
2020-10-08T12:07:55Z,183
2020-10-08T12:07:56Z,183
2020-10-08T12:07:57Z,183
2020-10-08T12:07:58Z,184
2020-10-08T12:07:59Z,184
2020-10-08T12:08:00Z,184
2020-10-08T12:08:01Z,184
2020-10-08T12:08:02Z,184
2020-10-08T12:08:03Z,184
2020-10-08T12:08:04Z,185
2020-10-08T12:08:05Z,185
2020-10-08T12:08:06Z,185
2020-10-08T12:08:07Z,185
2020-10-08T12:08:08Z,184
2020-10-08T12:08:09Z,184
2020-10-08T12:08:10Z,184
2020-10-08T12:08:11Z,184
2020-10-08T12:08:12Z,183
2020-10-08T12:08:13Z,184
2020-10-08T12:08:14Z,184
2020-10-08T12:08:15Z,184
2020-10-08T12:08:16Z,184
2020-10-08T12:08:17Z,184
2020-10-08T12:08:18Z,184
2020-10-08T12:08:19Z,184
2020-10-08T12:08:20Z,184
2020-10-08T12:08:21Z,184
2020-10-08T12:08:22Z,184
2020-10-08T12:08:23Z,183
2020-10-08T12:08:24Z,183
2020-10-08T12:08:25Z,183
2020-10-08T12:08:26Z,183
2020-10-08T12:08:27Z,183
2020-10-08T12:08:28Z,182
2020-10-08T12:08:29Z,183
2020-10-08T12:08:30Z,183
2020-10-08T12:08:31Z,183
2020-10-08T12:08:32Z,183
2020-10-08T12:08:33Z,183
2020-10-08T12:08:34Z,183
2020-10-08T12:08:35Z,183
2020-10-08T12:08:36Z,183
2020-10-08T12:08:37Z,183
2020-10-08T12:08:38Z,182
2020-10-08T12:08:39Z,182
2020-10-08T12:08:40Z,182
2020-10-08T12:08:41Z,181
2020-10-08T12:08:42Z,181
2020-10-08T12:08:43Z,180
2020-10-08T12:08:44Z,180
2020-10-08T12:08:45Z,180
2020-10-08T12:08:46Z,180
2020-10-08T12:08:47Z,180
2020-10-08T12:08:48Z,180
2020-10-08T12:08:49Z,180
2020-10-08T12:08:50Z,180
2020-10-08T12:08:51Z,180
2020-10-08T12:08:52Z,180
2020-10-08T12:08:53Z,180
2020-10-08T12:08:54Z,180
2020-10-08T12:08:55Z,181
2020-10-08T12:08:56Z,181
2020-10-08T12:08:57Z,181
2020-10-08T12:08:58Z,181
2020-10-08T12:08:59Z,181
2020-10-08T12:09:00Z,181
2020-10-08T12:09:01Z,182
2020-10-08T12:09:02Z,182
2020-10-08T12:09:03Z,182
2020-10-08T12:09:04Z,182
2020-10-08T12:09:05Z,182
2020-10-08T12:09:06Z,182
2020-10-08T12:09:07Z,182
2020-10-08T12:09:08Z,182
2020-10-08T12:09:09Z,182
2020-10-08T12:09:10Z,182
2020-10-08T12:09:11Z,181
2020-10-08T12:09:12Z,181
2020-10-08T12:09:13Z,180
2020-10-08T12:09:14Z,180
2020-10-08T12:09:15Z,180
2020-10-08T12:09:16Z,180
2020-10-08T12:09:17Z,180
2020-10-08T12:09:18Z,180
2020-10-08T12:09:19Z,179
2020-10-08T12:09:20Z,179
2020-10-08T12:09:21Z,179
2020-10-08T12:09:22Z,179
2020-10-08T12:09:23Z,179
2020-10-08T12:09:24Z,179
2020-10-08T12:09:25Z,178
2020-10-08T12:09:26Z,178
2020-10-08T12:09:27Z,178
2020-10-08T12:09:28Z,178
2020-10-08T12:09:29Z,178
2020-10-08T12:09:30Z,178
2020-10-08T12:09:31Z,177
2020-10-08T12:09:32Z,177
2020-10-08T12:09:33Z,176
2020-10-08T12:09:34Z,176
2020-10-08T12:09:35Z,175
2020-10-08T12:09:36Z,175
2020-10-08T12:09:37Z,175
2020-10-08T12:09:38Z,174
2020-10-08T12:09:39Z,174
2020-10-08T12:09:40Z,174
2020-10-08T12:09:41Z,174
2020-10-08T12:09:42Z,174
2020-10-08T12:09:43Z,174
2020-10-08T12:09:44Z,173
2020-10-08T12:09:45Z,173
2020-10-08T12:09:46Z,173
2020-10-08T12:09:47Z,172
2020-10-08T12:09:48Z,171
2020-10-08T12:09:49Z,170
2020-10-08T12:09:50Z,169
2020-10-08T12:09:51Z,168
2020-10-08T12:09:52Z,168
2020-10-08T12:09:53Z,167
2020-10-08T12:09:54Z,167
2020-10-08T12:09:55Z,166
2020-10-08T12:09:56Z,166
2020-10-08T12:09:57Z,166
2020-10-08T12:09:58Z,166
2020-10-08T12:09:59Z,166
2020-10-08T12:10:00Z,166
2020-10-08T12:10:01Z,166
2020-10-08T12:10:02Z,166
2020-10-08T12:10:03Z,166
2020-10-08T12:10:04Z,166
2020-10-08T12:10:05Z,166
2020-10-08T12:10:06Z,166
2020-10-08T12:10:07Z,165
2020-10-08T12:10:08Z,165
2020-10-08T12:10:09Z,165
2020-10-08T12:10:10Z,164
2020-10-08T12:10:11Z,164
2020-10-08T12:10:12Z,163
2020-10-08T12:10:13Z,163
2020-10-08T12:10:14Z,162
2020-10-08T12:10:15Z,162
2020-10-08T12:10:16Z,162
2020-10-08T12:10:17Z,163
2020-10-08T12:10:18Z,164
2020-10-08T12:10:19Z,164
2020-10-08T12:10:20Z,165
2020-10-08T12:10:21Z,165
2020-10-08T12:10:22Z,165
2020-10-08T12:10:23Z,165
2020-10-08T12:10:24Z,166
2020-10-08T12:10:25Z,166
2020-10-08T12:10:26Z,166
2020-10-08T12:10:27Z,167
2020-10-08T12:10:28Z,167
2020-10-08T12:10:29Z,168
2020-10-08T12:10:30Z,168
2020-10-08T12:10:31Z,168
2020-10-08T12:10:32Z,168
2020-10-08T12:10:33Z,168
2020-10-08T12:10:34Z,169
2020-10-08T12:10:35Z,169
2020-10-08T12:10:36Z,169
2020-10-08T12:10:37Z,170
2020-10-08T12:10:38Z,170
2020-10-08T12:10:39Z,170
2020-10-08T12:10:40Z,170
2020-10-08T12:10:41Z,170
2020-10-08T12:10:42Z,171
2020-10-08T12:10:43Z,171
2020-10-08T12:10:44Z,171
2020-10-08T12:10:45Z,171
2020-10-08T12:10:46Z,170
2020-10-08T12:10:47Z,169
2020-10-08T12:10:48Z,168
2020-10-08T12:10:49Z,168
2020-10-08T12:10:50Z,168
2020-10-08T12:10:51Z,169
2020-10-08T12:10:52Z,169
2020-10-08T12:10:53Z,170
2020-10-08T12:10:54Z,170
2020-10-08T12:10:55Z,171
2020-10-08T12:10:56Z,172
2020-10-08T12:10:57Z,172
2020-10-08T12:10:58Z,173
2020-10-08T12:10:59Z,173
2020-10-08T12:11:00Z,174
2020-10-08T12:11:01Z,174
2020-10-08T12:11:02Z,175
2020-10-08T12:11:03Z,175
2020-10-08T12:11:04Z,176
2020-10-08T12:11:05Z,176
2020-10-08T12:11:06Z,177
2020-10-08T12:11:07Z,177
2020-10-08T12:11:08Z,178
2020-10-08T12:11:09Z,178
2020-10-08T12:11:10Z,178
2020-10-08T12:11:11Z,179
2020-10-08T12:11:12Z,179
2020-10-08T12:11:13Z,179
2020-10-08T12:11:14Z,179
2020-10-08T12:11:15Z,179
2020-10-08T12:11:16Z,180
2020-10-08T12:11:17Z,180
2020-10-08T12:11:18Z,180
2020-10-08T12:11:19Z,180
2020-10-08T12:11:20Z,180
2020-10-08T12:11:21Z,180
2020-10-08T12:11:22Z,180
2020-10-08T12:11:23Z,180
2020-10-08T12:11:24Z,180
2020-10-08T12:11:25Z,180
2020-10-08T12:11:26Z,180
2020-10-08T12:11:27Z,180
2020-10-08T12:11:28Z,180
2020-10-08T12:11:29Z,179
2020-10-08T12:11:30Z,179
2020-10-08T12:11:31Z,179
2020-10-08T12:11:32Z,179
2020-10-08T12:11:33Z,179
2020-10-08T12:11:34Z,178
2020-10-08T12:11:35Z,179
2020-10-08T12:11:36Z,179
2020-10-08T12:11:37Z,180
2020-10-08T12:11:38Z,179
2020-10-08T12:11:39Z,179
2020-10-08T12:11:40Z,179
2020-10-08T12:11:41Z,179
2020-10-08T12:11:42Z,180
2020-10-08T12:11:43Z,180
2020-10-08T12:11:44Z,180
2020-10-08T12:11:45Z,180
2020-10-08T12:11:46Z,180
2020-10-08T12:11:47Z,180
2020-10-08T12:11:48Z,180
2020-10-08T12:11:49Z,181
2020-10-08T12:11:50Z,181
2020-10-08T12:11:51Z,182
2020-10-08T12:11:52Z,182
2020-10-08T12:11:53Z,181
2020-10-08T12:11:54Z,181
2020-10-08T12:11:55Z,181
2020-10-08T12:11:56Z,182
2020-10-08T12:11:57Z,182
2020-10-08T12:11:58Z,181
2020-10-08T12:11:59Z,181
2020-10-08T12:12:00Z,181
2020-10-08T12:12:01Z,182
2020-10-08T12:12:02Z,182
2020-10-08T12:12:03Z,182
2020-10-08T12:12:04Z,182
2020-10-08T12:12:05Z,182
2020-10-08T12:12:06Z,182
2020-10-08T12:12:07Z,182
2020-10-08T12:12:08Z,181
2020-10-08T12:12:09Z,181
2020-10-08T12:12:10Z,181
2020-10-08T12:12:11Z,182
2020-10-08T12:12:12Z,182
2020-10-08T12:12:13Z,181
2020-10-08T12:12:14Z,182
2020-10-08T12:12:15Z,182
2020-10-08T12:12:16Z,182
2020-10-08T12:12:17Z,182
2020-10-08T12:12:18Z,182
2020-10-08T12:12:19Z,182
2020-10-08T12:12:20Z,182
2020-10-08T12:12:21Z,182
2020-10-08T12:12:22Z,182
2020-10-08T12:12:23Z,182
2020-10-08T12:12:24Z,182
2020-10-08T12:12:25Z,182
2020-10-08T12:12:26Z,182
2020-10-08T12:12:27Z,182
2020-10-08T12:12:28Z,182
2020-10-08T12:12:29Z,182
2020-10-08T12:12:30Z,182
2020-10-08T12:12:31Z,182
2020-10-08T12:12:32Z,182
2020-10-08T12:12:33Z,182
2020-10-08T12:12:34Z,182
2020-10-08T12:12:35Z,182
2020-10-08T12:12:36Z,182
2020-10-08T12:12:37Z,182
2020-10-08T12:12:38Z,182
2020-10-08T12:12:39Z,182
2020-10-08T12:12:40Z,182
2020-10-08T12:12:41Z,182
2020-10-08T12:12:42Z,183
2020-10-08T12:12:43Z,183
2020-10-08T12:12:44Z,183
2020-10-08T12:12:45Z,183
2020-10-08T12:12:46Z,183
2020-10-08T12:12:47Z,184
2020-10-08T12:12:48Z,184
2020-10-08T12:12:49Z,183
2020-10-08T12:12:50Z,183
2020-10-08T12:12:51Z,183
2020-10-08T12:12:52Z,184
2020-10-08T12:12:53Z,184
2020-10-08T12:12:54Z,184
2020-10-08T12:12:55Z,184
2020-10-08T12:12:56Z,184
2020-10-08T12:12:57Z,185
2020-10-08T12:12:58Z,185
2020-10-08T12:12:59Z,185
2020-10-08T12:13:00Z,185
2020-10-08T12:13:01Z,185
2020-10-08T12:13:02Z,185
2020-10-08T12:13:03Z,185
2020-10-08T12:13:04Z,184
2020-10-08T12:13:05Z,184
2020-10-08T12:13:06Z,184
2020-10-08T12:13:07Z,184
2020-10-08T12:13:08Z,185
2020-10-08T12:13:09Z,185
2020-10-08T12:13:10Z,185
2020-10-08T12:13:11Z,185
2020-10-08T12:13:12Z,184
2020-10-08T12:13:13Z,184
2020-10-08T12:13:14Z,184
2020-10-08T12:13:15Z,184
2020-10-08T12:13:16Z,184
2020-10-08T12:13:17Z,184
2020-10-08T12:13:18Z,184
2020-10-08T12:13:19Z,184
2020-10-08T12:13:20Z,183
2020-10-08T12:13:21Z,183
2020-10-08T12:13:22Z,183
2020-10-08T12:13:23Z,183
2020-10-08T12:13:24Z,183
2020-10-08T12:13:25Z,183
2020-10-08T12:13:26Z,183
2020-10-08T12:13:27Z,183
2020-10-08T12:13:28Z,183
2020-10-08T12:13:29Z,183
2020-10-08T12:13:30Z,183
2020-10-08T12:13:31Z,183
2020-10-08T12:13:32Z,182
2020-10-08T12:13:33Z,182
2020-10-08T12:13:34Z,183
2020-10-08T12:13:35Z,183
2020-10-08T12:13:36Z,183
2020-10-08T12:13:37Z,183
2020-10-08T12:13:38Z,183
2020-10-08T12:13:39Z,183
2020-10-08T12:13:40Z,183
2020-10-08T12:13:41Z,182
2020-10-08T12:13:42Z,182
2020-10-08T12:13:43Z,182
2020-10-08T12:13:44Z,182
2020-10-08T12:13:45Z,182
2020-10-08T12:13:46Z,182
2020-10-08T12:13:47Z,182
2020-10-08T12:13:48Z,182
2020-10-08T12:13:49Z,182
2020-10-08T12:13:50Z,182
2020-10-08T12:13:51Z,181
2020-10-08T12:13:52Z,181
2020-10-08T12:13:53Z,181
2020-10-08T12:13:54Z,180
2020-10-08T12:13:55Z,180
2020-10-08T12:13:56Z,181
2020-10-08T12:13:57Z,181
2020-10-08T12:13:58Z,181
2020-10-08T12:13:59Z,181
2020-10-08T12:14:00Z,181
2020-10-08T12:14:01Z,181
2020-10-08T12:14:02Z,181
2020-10-08T12:14:03Z,181
2020-10-08T12:14:04Z,181
2020-10-08T12:14:05Z,181
2020-10-08T12:14:06Z,181
2020-10-08T12:14:07Z,181
2020-10-08T12:14:08Z,181
2020-10-08T12:14:09Z,182
2020-10-08T12:14:10Z,182
2020-10-08T12:14:11Z,182
2020-10-08T12:14:12Z,182
2020-10-08T12:14:13Z,182
2020-10-08T12:14:14Z,182
2020-10-08T12:14:15Z,182
2020-10-08T12:14:16Z,182
2020-10-08T12:14:17Z,182
2020-10-08T12:14:18Z,182
2020-10-08T12:14:19Z,182
2020-10-08T12:14:20Z,182
2020-10-08T12:14:21Z,182
2020-10-08T12:14:22Z,181
2020-10-08T12:14:23Z,181
2020-10-08T12:14:24Z,181
2020-10-08T12:14:25Z,182
2020-10-08T12:14:26Z,181
2020-10-08T12:14:27Z,181
2020-10-08T12:14:28Z,181
2020-10-08T12:14:29Z,182
2020-10-08T12:14:30Z,182
2020-10-08T12:14:31Z,182
2020-10-08T12:14:32Z,182
2020-10-08T12:14:33Z,182
2020-10-08T12:14:34Z,182
2020-10-08T12:14:35Z,183
2020-10-08T12:14:36Z,183
2020-10-08T12:14:37Z,183
2020-10-08T12:14:38Z,183
2020-10-08T12:14:39Z,183
2020-10-08T12:14:40Z,182
2020-10-08T12:14:41Z,182
2020-10-08T12:14:42Z,182
2020-10-08T12:14:43Z,182
2020-10-08T12:14:44Z,181
2020-10-08T12:14:45Z,181
2020-10-08T12:14:46Z,180
2020-10-08T12:14:47Z,180
2020-10-08T12:14:48Z,180
2020-10-08T12:14:49Z,180
2020-10-08T12:14:50Z,180
2020-10-08T12:14:51Z,179
2020-10-08T12:14:52Z,179
2020-10-08T12:14:53Z,179
2020-10-08T12:14:54Z,178
2020-10-08T12:14:55Z,178
2020-10-08T12:14:56Z,178
2020-10-08T12:14:57Z,177
2020-10-08T12:14:58Z,177
2020-10-08T12:14:59Z,177
2020-10-08T12:15:00Z,177
2020-10-08T12:15:01Z,176
2020-10-08T12:15:02Z,176
2020-10-08T12:15:03Z,176
2020-10-08T12:15:04Z,175
2020-10-08T12:15:05Z,174
2020-10-08T12:15:06Z,174
2020-10-08T12:15:07Z,173
2020-10-08T12:15:08Z,172
2020-10-08T12:15:09Z,172
2020-10-08T12:15:10Z,171
2020-10-08T12:15:11Z,170
2020-10-08T12:15:12Z,169
2020-10-08T12:15:13Z,169
2020-10-08T12:15:14Z,168
2020-10-08T12:15:15Z,167
2020-10-08T12:15:16Z,166
2020-10-08T12:15:17Z,166
2020-10-08T12:15:18Z,166
2020-10-08T12:15:19Z,166
2020-10-08T12:15:20Z,165
2020-10-08T12:15:21Z,165
2020-10-08T12:15:22Z,164
2020-10-08T12:15:23Z,164
2020-10-08T12:15:24Z,164
2020-10-08T12:15:25Z,164
2020-10-08T12:15:26Z,165
2020-10-08T12:15:27Z,166
2020-10-08T12:15:28Z,166
2020-10-08T12:15:29Z,167
2020-10-08T12:15:30Z,167
2020-10-08T12:15:31Z,168
2020-10-08T12:15:32Z,168
2020-10-08T12:15:33Z,169
2020-10-08T12:15:34Z,169
2020-10-08T12:15:35Z,169
2020-10-08T12:15:36Z,170
2020-10-08T12:15:37Z,171
2020-10-08T12:15:38Z,171
2020-10-08T12:15:39Z,171
2020-10-08T12:15:40Z,171
2020-10-08T12:15:41Z,171
2020-10-08T12:15:42Z,172
2020-10-08T12:15:43Z,172
2020-10-08T12:15:44Z,172
2020-10-08T12:15:45Z,172
2020-10-08T12:15:46Z,173
2020-10-08T12:15:47Z,173
2020-10-08T12:15:48Z,173
2020-10-08T12:15:49Z,174
2020-10-08T12:15:50Z,174
2020-10-08T12:15:51Z,175
2020-10-08T12:15:52Z,175
2020-10-08T12:15:53Z,174
2020-10-08T12:15:54Z,174
2020-10-08T12:15:55Z,174
2020-10-08T12:15:56Z,174
2020-10-08T12:15:57Z,174
2020-10-08T12:15:58Z,174
2020-10-08T12:15:59Z,174
2020-10-08T12:16:00Z,174
2020-10-08T12:16:01Z,174
2020-10-08T12:16:02Z,174
2020-10-08T12:16:03Z,174
2020-10-08T12:16:04Z,174
2020-10-08T12:16:05Z,175
2020-10-08T12:16:06Z,175
2020-10-08T12:16:07Z,175
2020-10-08T12:16:08Z,175
2020-10-08T12:16:09Z,175
2020-10-08T12:16:10Z,175
2020-10-08T12:16:11Z,176
2020-10-08T12:16:12Z,176
2020-10-08T12:16:13Z,177
2020-10-08T12:16:14Z,177
2020-10-08T12:16:15Z,178
2020-10-08T12:16:16Z,178
2020-10-08T12:16:17Z,178
2020-10-08T12:16:18Z,178
2020-10-08T12:16:19Z,179
2020-10-08T12:16:20Z,179
2020-10-08T12:16:21Z,180
2020-10-08T12:16:22Z,180
2020-10-08T12:16:23Z,180
2020-10-08T12:16:24Z,180
2020-10-08T12:16:25Z,179
2020-10-08T12:16:26Z,179
2020-10-08T12:16:27Z,179
2020-10-08T12:16:28Z,179
2020-10-08T12:16:29Z,179
2020-10-08T12:16:30Z,178
2020-10-08T12:16:31Z,178
2020-10-08T12:16:32Z,178
2020-10-08T12:16:33Z,178
2020-10-08T12:16:34Z,178
2020-10-08T12:16:35Z,178
2020-10-08T12:16:36Z,178
2020-10-08T12:16:37Z,178
2020-10-08T12:16:38Z,178
2020-10-08T12:16:39Z,179
2020-10-08T12:16:40Z,179
2020-10-08T12:16:41Z,179
2020-10-08T12:16:42Z,179
2020-10-08T12:16:43Z,179
2020-10-08T12:16:44Z,179
2020-10-08T12:16:45Z,179
2020-10-08T12:16:46Z,179
2020-10-08T12:16:47Z,179
2020-10-08T12:16:48Z,179
2020-10-08T12:16:49Z,179
2020-10-08T12:16:50Z,179
2020-10-08T12:16:51Z,179
2020-10-08T12:16:52Z,179
2020-10-08T12:16:53Z,179
2020-10-08T12:16:54Z,179
2020-10-08T12:16:55Z,180
2020-10-08T12:16:56Z,180
2020-10-08T12:16:57Z,180
2020-10-08T12:16:58Z,180
2020-10-08T12:16:59Z,180
2020-10-08T12:17:00Z,180
2020-10-08T12:17:01Z,180
2020-10-08T12:17:02Z,180
2020-10-08T12:17:03Z,180
2020-10-08T12:17:04Z,180
2020-10-08T12:17:05Z,181
2020-10-08T12:17:06Z,181
2020-10-08T12:17:07Z,181
2020-10-08T12:17:08Z,181
2020-10-08T12:17:09Z,181
2020-10-08T12:17:10Z,181
2020-10-08T12:17:11Z,181
2020-10-08T12:17:12Z,181
2020-10-08T12:17:13Z,181
2020-10-08T12:17:14Z,182
2020-10-08T12:17:15Z,182
2020-10-08T12:17:16Z,181
2020-10-08T12:17:17Z,181
2020-10-08T12:17:18Z,181
2020-10-08T12:17:19Z,180
2020-10-08T12:17:20Z,180
2020-10-08T12:17:21Z,180
2020-10-08T12:17:22Z,180
2020-10-08T12:17:23Z,179
2020-10-08T12:17:24Z,179
2020-10-08T12:17:25Z,179
2020-10-08T12:17:26Z,179
2020-10-08T12:17:27Z,179
2020-10-08T12:17:28Z,179
2020-10-08T12:17:29Z,179
2020-10-08T12:17:30Z,178
2020-10-08T12:17:31Z,178
2020-10-08T12:17:32Z,178
2020-10-08T12:17:33Z,177
2020-10-08T12:17:34Z,177
2020-10-08T12:17:35Z,177
2020-10-08T12:17:36Z,177
2020-10-08T12:17:37Z,177
2020-10-08T12:17:38Z,177
2020-10-08T12:17:39Z,177
2020-10-08T12:17:40Z,177
2020-10-08T12:17:41Z,177
2020-10-08T12:17:42Z,178
2020-10-08T12:17:43Z,178
2020-10-08T12:17:44Z,178
2020-10-08T12:17:45Z,178
2020-10-08T12:17:46Z,178
2020-10-08T12:17:47Z,179
2020-10-08T12:17:48Z,179
2020-10-08T12:17:49Z,179
2020-10-08T12:17:50Z,179
2020-10-08T12:17:51Z,179
2020-10-08T12:17:52Z,179
2020-10-08T12:17:53Z,179
2020-10-08T12:17:54Z,180
2020-10-08T12:17:55Z,180
2020-10-08T12:17:56Z,180
2020-10-08T12:17:57Z,180
2020-10-08T12:17:58Z,180
2020-10-08T12:17:59Z,180
2020-10-08T12:18:00Z,180
2020-10-08T12:18:01Z,181
2020-10-08T12:18:02Z,181
2020-10-08T12:18:03Z,181
2020-10-08T12:18:04Z,181
2020-10-08T12:18:05Z,181
2020-10-08T12:18:06Z,181
2020-10-08T12:18:07Z,181
2020-10-08T12:18:08Z,181
2020-10-08T12:18:09Z,182
2020-10-08T12:18:10Z,181
2020-10-08T12:18:11Z,182
2020-10-08T12:18:12Z,182
2020-10-08T12:18:13Z,182
2020-10-08T12:18:14Z,182
2020-10-08T12:18:15Z,183
2020-10-08T12:18:16Z,182
2020-10-08T12:18:17Z,182
2020-10-08T12:18:18Z,182
2020-10-08T12:18:19Z,182
2020-10-08T12:18:20Z,182
2020-10-08T12:18:21Z,183
2020-10-08T12:18:22Z,183
2020-10-08T12:18:23Z,183
2020-10-08T12:18:24Z,183
2020-10-08T12:18:25Z,183
2020-10-08T12:18:26Z,183
2020-10-08T12:18:27Z,183
2020-10-08T12:18:28Z,183
2020-10-08T12:18:29Z,183
2020-10-08T12:18:30Z,183
2020-10-08T12:18:31Z,183
2020-10-08T12:18:32Z,183
2020-10-08T12:18:33Z,183
2020-10-08T12:18:34Z,184
2020-10-08T12:18:35Z,183
2020-10-08T12:18:36Z,183
2020-10-08T12:18:37Z,183
2020-10-08T12:18:38Z,182
2020-10-08T12:18:39Z,182
2020-10-08T12:18:40Z,183
2020-10-08T12:18:41Z,183
2020-10-08T12:18:42Z,183
2020-10-08T12:18:43Z,183
2020-10-08T12:18:44Z,182
2020-10-08T12:18:45Z,182
2020-10-08T12:18:46Z,183
2020-10-08T12:18:47Z,183
2020-10-08T12:18:48Z,183
2020-10-08T12:18:49Z,183
2020-10-08T12:18:50Z,183
2020-10-08T12:18:51Z,182
2020-10-08T12:18:52Z,183
2020-10-08T12:18:53Z,183
2020-10-08T12:18:54Z,183
2020-10-08T12:18:55Z,182
2020-10-08T12:18:56Z,182
2020-10-08T12:18:57Z,182
2020-10-08T12:18:58Z,182
2020-10-08T12:18:59Z,182
2020-10-08T12:19:00Z,182
2020-10-08T12:19:01Z,182
2020-10-08T12:19:02Z,182
2020-10-08T12:19:03Z,182
2020-10-08T12:19:04Z,182
2020-10-08T12:19:05Z,182
2020-10-08T12:19:06Z,183
2020-10-08T12:19:07Z,183
2020-10-08T12:19:08Z,183
2020-10-08T12:19:09Z,183
2020-10-08T12:19:10Z,183
2020-10-08T12:19:11Z,184
2020-10-08T12:19:12Z,184
2020-10-08T12:19:13Z,184
2020-10-08T12:19:14Z,183
2020-10-08T12:19:15Z,183
2020-10-08T12:19:16Z,183
2020-10-08T12:19:17Z,183
2020-10-08T12:19:18Z,183
2020-10-08T12:19:19Z,184
2020-10-08T12:19:20Z,184
2020-10-08T12:19:21Z,184
2020-10-08T12:19:22Z,184
2020-10-08T12:19:23Z,184
2020-10-08T12:19:24Z,184
2020-10-08T12:19:25Z,184
2020-10-08T12:19:26Z,184
2020-10-08T12:19:27Z,184
2020-10-08T12:19:28Z,183
2020-10-08T12:19:29Z,183
2020-10-08T12:19:30Z,182
2020-10-08T12:19:31Z,182
2020-10-08T12:19:32Z,182
2020-10-08T12:19:33Z,182
2020-10-08T12:19:34Z,182
2020-10-08T12:19:35Z,182
2020-10-08T12:19:36Z,182
2020-10-08T12:19:37Z,183
2020-10-08T12:19:38Z,183
2020-10-08T12:19:39Z,183
2020-10-08T12:19:40Z,182
2020-10-08T12:19:41Z,182
2020-10-08T12:19:42Z,182
2020-10-08T12:19:43Z,181
2020-10-08T12:19:44Z,181
2020-10-08T12:19:45Z,180
2020-10-08T12:19:46Z,180
2020-10-08T12:19:47Z,179
2020-10-08T12:19:48Z,179
2020-10-08T12:19:49Z,179
2020-10-08T12:19:50Z,178
2020-10-08T12:19:51Z,178
2020-10-08T12:19:52Z,178
2020-10-08T12:19:53Z,177
2020-10-08T12:19:54Z,177
2020-10-08T12:19:55Z,177
2020-10-08T12:19:56Z,177
2020-10-08T12:19:57Z,176
2020-10-08T12:19:58Z,176
2020-10-08T12:19:59Z,176
2020-10-08T12:20:00Z,176
2020-10-08T12:20:01Z,175
2020-10-08T12:20:02Z,175
2020-10-08T12:20:03Z,174
2020-10-08T12:20:04Z,174
2020-10-08T12:20:05Z,173
2020-10-08T12:20:06Z,172
2020-10-08T12:20:07Z,171
2020-10-08T12:20:08Z,171
2020-10-08T12:20:09Z,170
2020-10-08T12:20:10Z,170
2020-10-08T12:20:11Z,170
2020-10-08T12:20:12Z,170
2020-10-08T12:20:13Z,170
2020-10-08T12:20:14Z,169
2020-10-08T12:20:15Z,169
2020-10-08T12:20:16Z,169
2020-10-08T12:20:17Z,168
2020-10-08T12:20:18Z,168
2020-10-08T12:20:19Z,168
2020-10-08T12:20:20Z,168
2020-10-08T12:20:21Z,168
2020-10-08T12:20:22Z,168
2020-10-08T12:20:23Z,168
2020-10-08T12:20:24Z,168
2020-10-08T12:20:25Z,168
2020-10-08T12:20:26Z,167
2020-10-08T12:20:27Z,166
2020-10-08T12:20:28Z,166
2020-10-08T12:20:29Z,166
2020-10-08T12:20:30Z,166
2020-10-08T12:20:31Z,166
2020-10-08T12:20:32Z,166
2020-10-08T12:20:33Z,166
2020-10-08T12:20:34Z,165
2020-10-08T12:20:35Z,165
2020-10-08T12:20:36Z,166
2020-10-08T12:20:37Z,166
2020-10-08T12:20:38Z,166
2020-10-08T12:20:39Z,167
2020-10-08T12:20:40Z,167
2020-10-08T12:20:41Z,167
2020-10-08T12:20:42Z,166
2020-10-08T12:20:43Z,166
2020-10-08T12:20:44Z,166
2020-10-08T12:20:45Z,167
2020-10-08T12:20:46Z,167
2020-10-08T12:20:47Z,167
2020-10-08T12:20:48Z,167
2020-10-08T12:20:49Z,167
2020-10-08T12:20:50Z,168
2020-10-08T12:20:51Z,168
2020-10-08T12:20:52Z,168
2020-10-08T12:20:53Z,168
2020-10-08T12:20:54Z,168
2020-10-08T12:20:55Z,168
2020-10-08T12:20:56Z,168
2020-10-08T12:20:57Z,168
2020-10-08T12:20:58Z,168
2020-10-08T12:20:59Z,167
2020-10-08T12:21:00Z,167
2020-10-08T12:21:01Z,167
2020-10-08T12:21:02Z,167
2020-10-08T12:21:03Z,167
2020-10-08T12:21:04Z,168
2020-10-08T12:21:05Z,167
2020-10-08T12:21:06Z,167
2020-10-08T12:21:07Z,167
2020-10-08T12:21:08Z,167
2020-10-08T12:21:09Z,168
2020-10-08T12:21:10Z,169
2020-10-08T12:21:11Z,169
2020-10-08T12:21:12Z,169
2020-10-08T12:21:13Z,169
2020-10-08T12:21:14Z,169
2020-10-08T12:21:15Z,170
2020-10-08T12:21:16Z,170
2020-10-08T12:21:17Z,170
2020-10-08T12:21:18Z,170
2020-10-08T12:21:19Z,170
2020-10-08T12:21:20Z,170
2020-10-08T12:21:21Z,171
2020-10-08T12:21:22Z,171
2020-10-08T12:21:23Z,171
2020-10-08T12:21:24Z,170
2020-10-08T12:21:25Z,170
2020-10-08T12:21:26Z,170
2020-10-08T12:21:27Z,171
2020-10-08T12:21:28Z,171
2020-10-08T12:21:29Z,171
2020-10-08T12:21:30Z,171
2020-10-08T12:21:31Z,171
2020-10-08T12:21:32Z,172
2020-10-08T12:21:33Z,172
2020-10-08T12:21:34Z,173
2020-10-08T12:21:35Z,173
2020-10-08T12:21:36Z,173
2020-10-08T12:21:37Z,173
2020-10-08T12:21:38Z,174
2020-10-08T12:21:39Z,174
2020-10-08T12:21:40Z,174
2020-10-08T12:21:41Z,174
2020-10-08T12:21:42Z,174
2020-10-08T12:21:43Z,174
2020-10-08T12:21:44Z,174
2020-10-08T12:21:45Z,174
2020-10-08T12:21:46Z,174
2020-10-08T12:21:58Z,173
2020-10-08T12:21:59Z,173
2020-10-08T12:22:00Z,173
2020-10-08T12:22:01Z,173
2020-10-08T12:22:02Z,172
2020-10-08T12:22:03Z,172
2020-10-08T12:22:04Z,172
2020-10-08T12:22:05Z,172
2020-10-08T12:22:06Z,172
2020-10-08T12:22:07Z,172
2020-10-08T12:22:08Z,172
2020-10-08T12:22:09Z,173
2020-10-08T12:22:10Z,173
2020-10-08T12:22:11Z,174
2020-10-08T12:22:12Z,174
2020-10-08T12:22:13Z,175
2020-10-08T12:22:14Z,175
2020-10-08T12:22:15Z,175
2020-10-08T12:22:16Z,175
2020-10-08T12:22:17Z,176
2020-10-08T12:22:18Z,176
2020-10-08T12:22:19Z,176
2020-10-08T12:22:20Z,176
2020-10-08T12:22:21Z,177
2020-10-08T12:22:22Z,177
2020-10-08T12:22:23Z,177
2020-10-08T12:22:24Z,177
2020-10-08T12:22:25Z,177
2020-10-08T12:22:26Z,177
2020-10-08T12:22:27Z,178
2020-10-08T12:22:28Z,178
2020-10-08T12:22:29Z,178
2020-10-08T12:22:30Z,179
2020-10-08T12:22:31Z,179
2020-10-08T12:22:32Z,179
2020-10-08T12:22:33Z,179
2020-10-08T12:22:34Z,179
2020-10-08T12:22:35Z,179
2020-10-08T12:22:36Z,180
2020-10-08T12:22:37Z,180
2020-10-08T12:22:38Z,181
2020-10-08T12:22:39Z,181
2020-10-08T12:22:40Z,181
2020-10-08T12:22:41Z,181
2020-10-08T12:22:42Z,181
2020-10-08T12:22:43Z,181
2020-10-08T12:22:44Z,181
2020-10-08T12:22:45Z,181
2020-10-08T12:22:46Z,181
2020-10-08T12:22:47Z,182
2020-10-08T12:22:48Z,182
2020-10-08T12:22:49Z,182
2020-10-08T12:22:50Z,182
2020-10-08T12:22:51Z,182
2020-10-08T12:22:52Z,182
2020-10-08T12:22:53Z,182
2020-10-08T12:22:54Z,182
2020-10-08T12:22:55Z,182
2020-10-08T12:22:56Z,182
2020-10-08T12:22:57Z,182
2020-10-08T12:22:58Z,182
2020-10-08T12:22:59Z,182
2020-10-08T12:23:00Z,182
2020-10-08T12:23:01Z,181
2020-10-08T12:23:02Z,181
2020-10-08T12:23:03Z,181
2020-10-08T12:23:04Z,181
2020-10-08T12:23:05Z,182
2020-10-08T12:23:06Z,182
2020-10-08T12:23:07Z,182
2020-10-08T12:23:08Z,182
2020-10-08T12:23:09Z,182
2020-10-08T12:23:10Z,182
2020-10-08T12:23:11Z,182
2020-10-08T12:23:12Z,183
2020-10-08T12:23:13Z,182
2020-10-08T12:23:14Z,182
2020-10-08T12:23:15Z,182
2020-10-08T12:23:16Z,182
2020-10-08T12:23:17Z,182
2020-10-08T12:23:18Z,182
2020-10-08T12:23:19Z,182
2020-10-08T12:23:20Z,182
2020-10-08T12:23:21Z,182
2020-10-08T12:23:22Z,182
2020-10-08T12:23:23Z,182
2020-10-08T12:23:24Z,183
2020-10-08T12:23:25Z,183
2020-10-08T12:23:26Z,183
2020-10-08T12:23:27Z,182
2020-10-08T12:23:28Z,182
2020-10-08T12:23:29Z,182
2020-10-08T12:23:30Z,182
2020-10-08T12:23:31Z,183
2020-10-08T12:23:32Z,183
2020-10-08T12:23:33Z,183
2020-10-08T12:23:34Z,183
2020-10-08T12:23:35Z,183
2020-10-08T12:23:36Z,183
2020-10-08T12:23:37Z,183
2020-10-08T12:23:38Z,183
2020-10-08T12:23:39Z,183
2020-10-08T12:23:40Z,183
2020-10-08T12:23:41Z,183
2020-10-08T12:23:42Z,183
2020-10-08T12:23:43Z,183
2020-10-08T12:23:44Z,182
2020-10-08T12:23:45Z,182
2020-10-08T12:23:46Z,182
2020-10-08T12:23:47Z,182
2020-10-08T12:23:48Z,182
2020-10-08T12:23:49Z,181
2020-10-08T12:23:50Z,181
2020-10-08T12:23:51Z,181
2020-10-08T12:23:52Z,181
2020-10-08T12:23:53Z,180
2020-10-08T12:23:54Z,180
2020-10-08T12:23:55Z,180
2020-10-08T12:23:56Z,180
2020-10-08T12:23:57Z,180
2020-10-08T12:23:58Z,180
2020-10-08T12:23:59Z,179
2020-10-08T12:24:00Z,179
2020-10-08T12:24:01Z,179
2020-10-08T12:24:02Z,178
2020-10-08T12:24:03Z,178
2020-10-08T12:24:04Z,178
2020-10-08T12:24:05Z,178
2020-10-08T12:24:06Z,178
2020-10-08T12:24:07Z,178
2020-10-08T12:24:08Z,178
2020-10-08T12:24:09Z,178
2020-10-08T12:24:10Z,178
2020-10-08T12:24:11Z,178
2020-10-08T12:24:12Z,178
2020-10-08T12:24:13Z,177
2020-10-08T12:24:14Z,177
2020-10-08T12:24:15Z,177
2020-10-08T12:24:16Z,176
2020-10-08T12:24:17Z,176
2020-10-08T12:24:18Z,176
2020-10-08T12:24:19Z,176
2020-10-08T12:24:20Z,176
2020-10-08T12:24:21Z,176
2020-10-08T12:24:22Z,176
2020-10-08T12:24:23Z,176
2020-10-08T12:24:24Z,175
2020-10-08T12:24:25Z,175
2020-10-08T12:24:26Z,175
2020-10-08T12:24:27Z,175
2020-10-08T12:24:28Z,175
2020-10-08T12:24:29Z,175
2020-10-08T12:24:30Z,175
2020-10-08T12:24:31Z,175
2020-10-08T12:24:32Z,175
2020-10-08T12:24:33Z,175
2020-10-08T12:24:34Z,175
2020-10-08T12:24:35Z,176
2020-10-08T12:24:36Z,175
2020-10-08T12:24:37Z,175
2020-10-08T12:24:38Z,176
2020-10-08T12:24:39Z,176
2020-10-08T12:24:40Z,176
2020-10-08T12:24:41Z,176
2020-10-08T12:24:42Z,176
2020-10-08T12:24:43Z,176
2020-10-08T12:24:44Z,176
2020-10-08T12:24:45Z,177
2020-10-08T12:24:46Z,177
2020-10-08T12:24:47Z,177
2020-10-08T12:24:48Z,177
2020-10-08T12:24:49Z,177
2020-10-08T12:24:50Z,177
2020-10-08T12:24:51Z,177
2020-10-08T12:24:52Z,178
2020-10-08T12:24:53Z,178
2020-10-08T12:24:54Z,178
2020-10-08T12:24:55Z,178
2020-10-08T12:24:56Z,178
2020-10-08T12:24:57Z,178
2020-10-08T12:24:58Z,178
2020-10-08T12:24:59Z,177
2020-10-08T12:25:00Z,177
2020-10-08T12:25:01Z,177
2020-10-08T12:25:02Z,177
2020-10-08T12:25:03Z,177
2020-10-08T12:25:04Z,177
2020-10-08T12:25:05Z,177
2020-10-08T12:25:06Z,177
2020-10-08T12:25:07Z,177
2020-10-08T12:25:08Z,177
2020-10-08T12:25:09Z,177
2020-10-08T12:25:10Z,176
2020-10-08T12:25:11Z,176
2020-10-08T12:25:12Z,176
2020-10-08T12:25:13Z,175
2020-10-08T12:25:14Z,175
2020-10-08T12:25:15Z,175
2020-10-08T12:25:16Z,174
2020-10-08T12:25:17Z,174
2020-10-08T12:25:18Z,173
2020-10-08T12:25:19Z,173
2020-10-08T12:25:20Z,172
2020-10-08T12:25:21Z,172
2020-10-08T12:25:22Z,172
2020-10-08T12:25:23Z,172
2020-10-08T12:25:24Z,172
2020-10-08T12:25:25Z,172
2020-10-08T12:25:26Z,172
2020-10-08T12:25:27Z,172
2020-10-08T12:25:28Z,172
2020-10-08T12:25:29Z,172
2020-10-08T12:25:30Z,173
2020-10-08T12:25:31Z,173
2020-10-08T12:25:32Z,173
2020-10-08T12:25:33Z,172
2020-10-08T12:25:34Z,172
2020-10-08T12:25:35Z,171
2020-10-08T12:25:36Z,170
2020-10-08T12:25:37Z,168
2020-10-08T12:25:38Z,167
2020-10-08T12:25:39Z,167
2020-10-08T12:25:40Z,166
2020-10-08T12:25:41Z,165
2020-10-08T12:25:42Z,165
2020-10-08T12:25:43Z,165
2020-10-08T12:25:44Z,164
2020-10-08T12:25:45Z,164
2020-10-08T12:25:46Z,164
2020-10-08T12:25:47Z,163
2020-10-08T12:25:48Z,163
2020-10-08T12:25:49Z,163
2020-10-08T12:25:50Z,163
2020-10-08T12:25:51Z,162
2020-10-08T12:25:52Z,162
2020-10-08T12:25:53Z,161
2020-10-08T12:25:54Z,161
2020-10-08T12:25:55Z,160
2020-10-08T12:25:56Z,160
2020-10-08T12:25:57Z,160
2020-10-08T12:25:58Z,159
2020-10-08T12:25:59Z,159
2020-10-08T12:26:00Z,159
2020-10-08T12:26:01Z,158
2020-10-08T12:26:02Z,158
2020-10-08T12:26:03Z,158
2020-10-08T12:26:04Z,159
2020-10-08T12:26:05Z,159
2020-10-08T12:26:06Z,160
2020-10-08T12:26:07Z,160
2020-10-08T12:26:08Z,161
2020-10-08T12:26:09Z,162
2020-10-08T12:26:10Z,162
2020-10-08T12:26:11Z,163
2020-10-08T12:26:12Z,163
2020-10-08T12:26:13Z,163
2020-10-08T12:26:14Z,164
2020-10-08T12:26:15Z,164
2020-10-08T12:26:16Z,164
2020-10-08T12:26:17Z,165
2020-10-08T12:26:18Z,165
2020-10-08T12:26:19Z,165
2020-10-08T12:26:20Z,165
2020-10-08T12:26:21Z,165
2020-10-08T12:26:22Z,165
2020-10-08T12:26:23Z,166
2020-10-08T12:26:24Z,166
2020-10-08T12:26:25Z,167
2020-10-08T12:26:26Z,167
2020-10-08T12:26:27Z,167
2020-10-08T12:26:28Z,167
2020-10-08T12:26:29Z,167
2020-10-08T12:26:30Z,168
2020-10-08T12:26:31Z,167
2020-10-08T12:26:32Z,167
2020-10-08T12:26:33Z,167
2020-10-08T12:26:34Z,167
2020-10-08T12:26:35Z,167
2020-10-08T12:26:36Z,167
2020-10-08T12:26:37Z,167
2020-10-08T12:26:38Z,167
2020-10-08T12:26:39Z,166
2020-10-08T12:26:40Z,166
2020-10-08T12:26:41Z,166
2020-10-08T12:26:42Z,166
2020-10-08T12:26:43Z,166
2020-10-08T12:26:44Z,166
2020-10-08T12:26:45Z,167
2020-10-08T12:26:46Z,167
2020-10-08T12:26:47Z,168
2020-10-08T12:26:48Z,168
2020-10-08T12:26:49Z,169
2020-10-08T12:26:50Z,169
2020-10-08T12:26:51Z,170
2020-10-08T12:26:52Z,170
2020-10-08T12:26:53Z,170
2020-10-08T12:26:54Z,171
2020-10-08T12:26:55Z,171
2020-10-08T12:26:56Z,172
2020-10-08T12:26:57Z,172
2020-10-08T12:26:58Z,172
2020-10-08T12:26:59Z,173
2020-10-08T12:27:00Z,173
2020-10-08T12:27:01Z,173
2020-10-08T12:27:02Z,174
2020-10-08T12:27:03Z,174
2020-10-08T12:27:04Z,175
2020-10-08T12:27:05Z,175
2020-10-08T12:27:06Z,175
2020-10-08T12:27:07Z,175
2020-10-08T12:27:08Z,175
2020-10-08T12:27:09Z,175
2020-10-08T12:27:10Z,175
2020-10-08T12:27:11Z,176
2020-10-08T12:27:12Z,176
2020-10-08T12:27:13Z,176
2020-10-08T12:27:14Z,177
2020-10-08T12:27:15Z,177
2020-10-08T12:27:16Z,177
2020-10-08T12:27:17Z,177
2020-10-08T12:27:18Z,177
2020-10-08T12:27:19Z,177
2020-10-08T12:27:20Z,178
2020-10-08T12:27:21Z,178
2020-10-08T12:27:22Z,177
2020-10-08T12:27:27Z,177
2020-10-08T12:27:28Z,177
2020-10-08T12:27:29Z,177
2020-10-08T12:27:30Z,176
2020-10-08T12:27:31Z,175
2020-10-08T12:27:32Z,175
2020-10-08T12:27:33Z,175
2020-10-08T12:27:34Z,175
2020-10-08T12:27:35Z,175
2020-10-08T12:27:36Z,176
2020-10-08T12:27:37Z,176
2020-10-08T12:27:38Z,176
2020-10-08T12:27:39Z,176
2020-10-08T12:27:40Z,176
2020-10-08T12:27:41Z,176
2020-10-08T12:27:42Z,176
2020-10-08T12:27:43Z,177
2020-10-08T12:27:44Z,177
2020-10-08T12:27:45Z,177
2020-10-08T12:27:46Z,177
2020-10-08T12:27:47Z,177
2020-10-08T12:27:48Z,177
2020-10-08T12:27:49Z,177
2020-10-08T12:27:50Z,177
2020-10-08T12:27:51Z,177
2020-10-08T12:27:52Z,178
2020-10-08T12:27:53Z,178
2020-10-08T12:27:54Z,178
2020-10-08T12:27:55Z,178
2020-10-08T12:27:56Z,178
2020-10-08T12:27:57Z,178
2020-10-08T12:27:58Z,178
2020-10-08T12:27:59Z,179
2020-10-08T12:28:00Z,179
2020-10-08T12:28:01Z,179
2020-10-08T12:28:02Z,179
2020-10-08T12:28:03Z,179
2020-10-08T12:28:04Z,179
2020-10-08T12:28:05Z,179
2020-10-08T12:28:06Z,179
2020-10-08T12:28:07Z,179
2020-10-08T12:28:08Z,179
2020-10-08T12:28:09Z,179
2020-10-08T12:28:10Z,179
2020-10-08T12:28:11Z,179
2020-10-08T12:28:12Z,179
2020-10-08T12:28:13Z,179
2020-10-08T12:28:14Z,179
2020-10-08T12:28:15Z,179
2020-10-08T12:28:16Z,179
2020-10-08T12:28:17Z,179
2020-10-08T12:28:18Z,179
2020-10-08T12:28:19Z,180
2020-10-08T12:28:20Z,180
2020-10-08T12:28:21Z,180
2020-10-08T12:28:22Z,179
2020-10-08T12:28:23Z,179
2020-10-08T12:28:24Z,180
2020-10-08T12:28:25Z,180
2020-10-08T12:28:26Z,180
2020-10-08T12:28:27Z,180
2020-10-08T12:28:28Z,180
2020-10-08T12:28:29Z,180
2020-10-08T12:28:30Z,180
2020-10-08T12:28:31Z,180
2020-10-08T12:28:32Z,180
2020-10-08T12:28:33Z,180
2020-10-08T12:28:34Z,181
2020-10-08T12:28:35Z,180
2020-10-08T12:28:36Z,180
2020-10-08T12:28:37Z,180
2020-10-08T12:28:38Z,180
2020-10-08T12:28:39Z,180
2020-10-08T12:28:40Z,180
2020-10-08T12:28:41Z,180
2020-10-08T12:28:42Z,180
2020-10-08T12:28:43Z,180
2020-10-08T12:28:44Z,181
2020-10-08T12:28:45Z,181
2020-10-08T12:28:46Z,181
2020-10-08T12:28:47Z,180
2020-10-08T12:28:48Z,181
2020-10-08T12:28:49Z,181
2020-10-08T12:28:50Z,181
2020-10-08T12:28:51Z,181
2020-10-08T12:28:52Z,181
2020-10-08T12:28:54Z,180
2020-10-08T12:28:55Z,180
2020-10-08T12:28:56Z,179
2020-10-08T12:28:57Z,178
2020-10-08T12:28:58Z,178
2020-10-08T12:28:59Z,177
2020-10-08T12:29:00Z,176
2020-10-08T12:29:01Z,176
2020-10-08T12:29:02Z,176
2020-10-08T12:29:03Z,177
2020-10-08T12:29:04Z,177
2020-10-08T12:29:05Z,177
2020-10-08T12:29:06Z,177
2020-10-08T12:29:07Z,177
2020-10-08T12:29:08Z,177
2020-10-08T12:29:09Z,178
2020-10-08T12:29:10Z,178
2020-10-08T12:29:11Z,178
2020-10-08T12:29:12Z,178
2020-10-08T12:29:13Z,178
2020-10-08T12:29:14Z,178
2020-10-08T12:29:15Z,179
2020-10-08T12:29:16Z,179
2020-10-08T12:29:17Z,179
2020-10-08T12:29:18Z,178
2020-10-08T12:29:19Z,178
2020-10-08T12:29:20Z,178
2020-10-08T12:29:21Z,178
2020-10-08T12:29:22Z,178
2020-10-08T12:29:23Z,178
2020-10-08T12:29:24Z,178
2020-10-08T12:29:25Z,177
2020-10-08T12:29:26Z,177
2020-10-08T12:29:27Z,177
2020-10-08T12:29:28Z,177
2020-10-08T12:29:29Z,178
2020-10-08T12:29:30Z,178
2020-10-08T12:29:31Z,178
2020-10-08T12:29:32Z,178
2020-10-08T12:29:33Z,178
2020-10-08T12:29:34Z,178
2020-10-08T12:29:35Z,178
2020-10-08T12:29:36Z,177
2020-10-08T12:29:37Z,177
2020-10-08T12:29:38Z,177
2020-10-08T12:29:39Z,177
2020-10-08T12:29:40Z,177
2020-10-08T12:29:41Z,177
2020-10-08T12:29:42Z,177
2020-10-08T12:29:43Z,177
2020-10-08T12:29:44Z,177
2020-10-08T12:29:45Z,177
2020-10-08T12:29:46Z,177
2020-10-08T12:29:47Z,176
2020-10-08T12:29:48Z,176
2020-10-08T12:29:49Z,176
2020-10-08T12:29:50Z,175
2020-10-08T12:29:51Z,175
2020-10-08T12:29:52Z,175
2020-10-08T12:29:53Z,175
2020-10-08T12:29:54Z,175
2020-10-08T12:29:55Z,175
2020-10-08T12:29:56Z,175
2020-10-08T12:29:57Z,175
2020-10-08T12:29:58Z,175
2020-10-08T12:29:59Z,175
2020-10-08T12:30:00Z,175
2020-10-08T12:30:01Z,174
2020-10-08T12:30:02Z,174
2020-10-08T12:30:03Z,174
2020-10-08T12:30:04Z,174
2020-10-08T12:30:05Z,173
2020-10-08T12:30:06Z,173
2020-10-08T12:30:07Z,173
2020-10-08T12:30:08Z,173
2020-10-08T12:30:09Z,172
2020-10-08T12:30:10Z,172
2020-10-08T12:30:11Z,172
2020-10-08T12:30:12Z,173
2020-10-08T12:30:13Z,173
2020-10-08T12:30:14Z,173
2020-10-08T12:30:15Z,173
2020-10-08T12:30:16Z,173
2020-10-08T12:30:17Z,173
2020-10-08T12:30:18Z,173
2020-10-08T12:30:19Z,173
2020-10-08T12:30:20Z,174
2020-10-08T12:30:21Z,174
2020-10-08T12:30:22Z,175
2020-10-08T12:30:23Z,175
2020-10-08T12:30:24Z,175
2020-10-08T12:30:25Z,175
2020-10-08T12:30:26Z,175
2020-10-08T12:30:27Z,176
2020-10-08T12:30:28Z,176
2020-10-08T12:30:29Z,176
2020-10-08T12:30:30Z,176
2020-10-08T12:30:31Z,176
2020-10-08T12:30:32Z,176
2020-10-08T12:30:33Z,176
2020-10-08T12:30:34Z,175
2020-10-08T12:30:35Z,175
2020-10-08T12:30:36Z,175
2020-10-08T12:30:37Z,174
2020-10-08T12:30:38Z,174
2020-10-08T12:30:39Z,174
2020-10-08T12:30:40Z,173
2020-10-08T12:30:41Z,173
2020-10-08T12:30:42Z,173
2020-10-08T12:30:43Z,172
2020-10-08T12:30:44Z,172
2020-10-08T12:30:45Z,172
2020-10-08T12:30:46Z,172
2020-10-08T12:30:47Z,171
2020-10-08T12:30:48Z,171
2020-10-08T12:30:49Z,170
2020-10-08T12:30:50Z,168
2020-10-08T12:30:51Z,167
2020-10-08T12:30:52Z,166
2020-10-08T12:30:53Z,165
2020-10-08T12:30:54Z,164
2020-10-08T12:30:55Z,163
2020-10-08T12:30:56Z,162
2020-10-08T12:30:57Z,162
2020-10-08T12:30:58Z,162
2020-10-08T12:30:59Z,162
2020-10-08T12:31:00Z,163
2020-10-08T12:31:01Z,163
2020-10-08T12:31:02Z,163
2020-10-08T12:31:03Z,163
2020-10-08T12:31:04Z,163
2020-10-08T12:31:05Z,163
2020-10-08T12:31:06Z,163
2020-10-08T12:31:07Z,163
2020-10-08T12:31:08Z,163
2020-10-08T12:31:09Z,164
2020-10-08T12:31:10Z,164
2020-10-08T12:31:11Z,164
2020-10-08T12:31:12Z,164
2020-10-08T12:31:13Z,164
2020-10-08T12:31:14Z,164
2020-10-08T12:31:15Z,163
2020-10-08T12:31:16Z,162
2020-10-08T12:31:17Z,161
2020-10-08T12:31:18Z,160
2020-10-08T12:31:19Z,160
2020-10-08T12:31:20Z,160
2020-10-08T12:31:21Z,160
2020-10-08T12:31:22Z,159
2020-10-08T12:31:23Z,159
2020-10-08T12:31:24Z,159
2020-10-08T12:31:25Z,159
2020-10-08T12:31:26Z,158
2020-10-08T12:31:27Z,158
2020-10-08T12:31:28Z,158
2020-10-08T12:31:29Z,157
2020-10-08T12:31:57Z,156
2020-10-08T12:31:58Z,156
2020-10-08T12:31:59Z,156
2020-10-08T12:32:00Z,156
2020-10-08T12:32:01Z,157
2020-10-08T12:32:02Z,157
2020-10-08T12:32:03Z,157
2020-10-08T12:32:04Z,157
2020-10-08T12:32:05Z,157
