Timestamp,Latitude,Longitude,heart rate
2021-01-07T19:35:56Z,0,0,100
2021-01-07T19:35:57Z,0,0,100
2021-01-07T19:35:58Z,0,0,100
2021-01-07T19:35:59Z,0,0,100
2021-01-07T19:36:00Z,0,0,100
2021-01-07T19:36:01Z,0,0,100
2021-01-07T19:36:02Z,0,0,100
2021-01-07T19:36:03Z,0,0,100
2021-01-07T19:36:04Z,0,0,100
2021-01-07T19:36:05Z,0,0,100
2021-01-07T19:36:06Z,0,0,99
2021-01-07T19:36:07Z,0,0,99
2021-01-07T19:36:08Z,0,0,98
2021-01-07T19:36:09Z,0,0,99
2021-01-07T19:36:10Z,0,0,100
2021-01-07T19:36:11Z,0,0,100
2021-01-07T19:36:12Z,0,0,102
2021-01-07T19:36:13Z,0,0,103
2021-01-07T19:36:14Z,0,0,103
2021-01-07T19:36:15Z,0,0,104
2021-01-07T19:36:16Z,0,0,103
2021-01-07T19:36:17Z,0,0,101
2021-01-07T19:36:18Z,0,0,100
2021-01-07T19:36:19Z,0,0,99
2021-01-07T19:36:20Z,0,0,97
2021-01-07T19:36:21Z,0,0,96
2021-01-07T19:36:22Z,0,0,95
2021-01-07T19:36:23Z,0,0,94
2021-01-07T19:36:24Z,0,0,94
2021-01-07T19:36:25Z,0,0,94
2021-01-07T19:36:26Z,0,0,94
2021-01-07T19:36:27Z,0,0,94
2021-01-07T19:36:28Z,0,0,94
2021-01-07T19:36:29Z,0,0,95
2021-01-07T19:36:30Z,0,0,96
2021-01-07T19:36:31Z,0,0,97
2021-01-07T19:36:32Z,0,0,98
2021-01-07T19:36:33Z,0,0,99
2021-01-07T19:36:34Z,0,0,98
2021-01-07T19:36:35Z,0,0,98
2021-01-07T19:36:36Z,0,0,98
2021-01-07T19:36:37Z,0,0,98
2021-01-07T19:36:38Z,0,0,98
2021-01-07T19:36:39Z,0,0,98
2021-01-07T19:36:40Z,0,0,98
2021-01-07T19:36:41Z,0,0,98
2021-01-07T19:36:42Z,0,0,97
2021-01-07T19:36:43Z,0,0,96
2021-01-07T19:36:44Z,0,0,95
2021-01-07T19:36:45Z,0,0,95
2021-01-07T19:36:46Z,0,0,95
2021-01-07T19:36:47Z,0,0,95
2021-01-07T19:36:48Z,0,0,95
2021-01-07T19:36:49Z,0,0,95
2021-01-07T19:36:50Z,0,0,95
2021-01-07T19:36:51Z,0,0,95
2021-01-07T19:36:52Z,0,0,95
2021-01-07T19:36:53Z,0,0,94
2021-01-07T19:36:54Z,0,0,93
2021-01-07T19:36:55Z,0,0,92
2021-01-07T19:36:56Z,0,0,92
2021-01-07T19:36:57Z,0,0,92
2021-01-07T19:36:58Z,0,0,93
2021-01-07T19:36:59Z,0,0,93
2021-01-07T19:37:00Z,0,0,93
2021-01-07T19:37:01Z,0,0,93
2021-01-07T19:37:02Z,0,0,93
2021-01-07T19:37:03Z,0,0,92
2021-01-07T19:37:04Z,0,0,92
2021-01-07T19:37:05Z,0,0,92
2021-01-07T19:37:06Z,0,0,92
2021-01-07T19:37:07Z,0,0,92
2021-01-07T19:37:08Z,0,0,92
2021-01-07T19:37:09Z,0,0,92
2021-01-07T19:37:10Z,0,0,92
2021-01-07T19:37:11Z,0,0,92
2021-01-07T19:37:12Z,0,0,91
2021-01-07T19:37:13Z,0,0,91
2021-01-07T19:37:14Z,0,0,92
2021-01-07T19:37:15Z,0,0,93
2021-01-07T19:37:16Z,0,0,95
2021-01-07T19:37:17Z,0,0,96
2021-01-07T19:37:18Z,0,0,97
2021-01-07T19:37:19Z,0,0,98
2021-01-07T19:37:20Z,0,0,98
2021-01-07T19:37:21Z,0,0,98
2021-01-07T19:37:22Z,0,0,98
2021-01-07T19:37:23Z,0,0,98
2021-01-07T19:37:24Z,0,0,98
2021-01-07T19:37:25Z,0,0,98
2021-01-07T19:37:26Z,0,0,97
2021-01-07T19:37:27Z,0,0,97
2021-01-07T19:37:28Z,0,0,95
2021-01-07T19:37:29Z,0,0,94
2021-01-07T19:37:30Z,0,0,93
2021-01-07T19:37:31Z,0,0,93
2021-01-07T19:37:32Z,0,0,93
2021-01-07T19:37:33Z,0,0,94
2021-01-07T19:37:34Z,0,0,95
2021-01-07T19:37:35Z,0,0,96
2021-01-07T19:37:36Z,0,0,97
2021-01-07T19:37:37Z,0,0,97
2021-01-07T19:37:38Z,0,0,97
2021-01-07T19:37:39Z,0,0,97
2021-01-07T19:37:40Z,0,0,97
2021-01-07T19:37:41Z,0,0,97
2021-01-07T19:37:42Z,0,0,97
2021-01-07T19:37:43Z,0,0,97
2021-01-07T19:37:44Z,0,0,97
2021-01-07T19:37:45Z,0,0,97
2021-01-07T19:37:46Z,0,0,97
2021-01-07T19:37:47Z,0,0,97
2021-01-07T19:37:48Z,0,0,97
2021-01-07T19:37:49Z,0,0,97
2021-01-07T19:37:50Z,0,0,96
2021-01-07T19:37:51Z,0,0,96
2021-01-07T19:37:52Z,0,0,95
2021-01-07T19:37:53Z,0,0,94
2021-01-07T19:37:54Z,0,0,94
2021-01-07T19:37:55Z,0,0,94
2021-01-07T19:37:56Z,0,0,94
2021-01-07T19:37:57Z,0,0,94
2021-01-07T19:37:58Z,0,0,94
2021-01-07T19:37:59Z,0,0,96
2021-01-07T19:38:00Z,0,0,97
2021-01-07T19:38:01Z,0,0,99
2021-01-07T19:38:02Z,0,0,102
2021-01-07T19:38:03Z,0,0,103
2021-01-07T19:38:04Z,0,0,103
2021-01-07T19:38:05Z,0,0,103
2021-01-07T19:38:06Z,0,0,103
2021-01-07T19:38:07Z,0,0,103
2021-01-07T19:38:08Z,0,0,103
2021-01-07T19:38:09Z,0,0,103
2021-01-07T19:38:10Z,0,0,103
2021-01-07T19:38:11Z,0,0,103
2021-01-07T19:38:12Z,0,0,103
2021-01-07T19:38:13Z,0,0,103
2021-01-07T19:38:14Z,0,0,103
2021-01-07T19:38:15Z,0,0,103
2021-01-07T19:38:16Z,0,0,103
2021-01-07T19:38:17Z,0,0,103
2021-01-07T19:38:18Z,0,0,103
2021-01-07T19:38:19Z,0,0,103
2021-01-07T19:38:20Z,0,0,104
2021-01-07T19:38:21Z,0,0,106
2021-01-07T19:38:22Z,0,0,108
2021-01-07T19:38:23Z,0,0,108
2021-01-07T19:38:24Z,0,0,108
2021-01-07T19:38:25Z,0,0,108
2021-01-07T19:38:26Z,0,0,108
2021-01-07T19:38:27Z,0,0,108
2021-01-07T19:38:28Z,0,0,109
2021-01-07T19:38:29Z,0,0,110
2021-01-07T19:38:30Z,0,0,111
2021-01-07T19:38:31Z,0,0,112
2021-01-07T19:38:32Z,0,0,112
2021-01-07T19:38:33Z,0,0,112
2021-01-07T19:38:34Z,0,0,113
2021-01-07T19:38:35Z,0,0,115
2021-01-07T19:38:36Z,0,0,117
2021-01-07T19:38:37Z,0,0,118
2021-01-07T19:38:38Z,0,0,120
2021-01-07T19:38:39Z,0,0,120
2021-01-07T19:38:40Z,0,0,121
2021-01-07T19:38:41Z,0,0,121
2021-01-07T19:38:42Z,0,0,121
2021-01-07T19:38:43Z,0,0,121
2021-01-07T19:38:44Z,0,0,121
2021-01-07T19:38:45Z,0,0,121
2021-01-07T19:38:46Z,0,0,121
2021-01-07T19:38:47Z,0,0,121
2021-01-07T19:38:48Z,0,0,121
2021-01-07T19:38:49Z,0,0,121
2021-01-07T19:38:50Z,0,0,121
2021-01-07T19:38:51Z,0,0,121
2021-01-07T19:38:52Z,0,0,121
2021-01-07T19:38:53Z,0,0,121
2021-01-07T19:38:54Z,0,0,121
2021-01-07T19:38:55Z,0,0,121
2021-01-07T19:38:56Z,0,0,121
2021-01-07T19:38:57Z,0,0,121
2021-01-07T19:38:58Z,0,0,121
2021-01-07T19:38:59Z,0,0,122
2021-01-07T19:39:00Z,0,0,123
2021-01-07T19:39:01Z,0,0,124
2021-01-07T19:39:02Z,0,0,126
2021-01-07T19:39:03Z,0,0,127
2021-01-07T19:39:04Z,0,0,128
2021-01-07T19:39:05Z,0,0,128
2021-01-07T19:39:06Z,0,0,128
2021-01-07T19:39:07Z,0,0,128
2021-01-07T19:39:08Z,0,0,128
2021-01-07T19:39:09Z,0,0,128
2021-01-07T19:39:10Z,0,0,128
2021-01-07T19:39:11Z,0,0,128
2021-01-07T19:39:12Z,0,0,128
2021-01-07T19:39:13Z,0,0,128
2021-01-07T19:39:14Z,0,0,128
2021-01-07T19:39:15Z,0,0,128
2021-01-07T19:39:16Z,0,0,128
2021-01-07T19:39:17Z,0,0,128
2021-01-07T19:39:18Z,0,0,128
2021-01-07T19:39:19Z,0,0,128
2021-01-07T19:39:20Z,0,0,128
2021-01-07T19:39:21Z,0,0,128
2021-01-07T19:39:22Z,0,0,128
2021-01-07T19:39:23Z,0,0,128
2021-01-07T19:39:24Z,0,0,128
2021-01-07T19:39:25Z,0,0,128
2021-01-07T19:39:26Z,0,0,128
2021-01-07T19:39:27Z,0,0,128
2021-01-07T19:39:28Z,0,0,128
2021-01-07T19:39:29Z,0,0,128
2021-01-07T19:39:30Z,0,0,126
2021-01-07T19:39:31Z,0,0,126
2021-01-07T19:39:32Z,0,0,125
2021-01-07T19:39:33Z,0,0,124
2021-01-07T19:39:34Z,0,0,124
2021-01-07T19:39:35Z,0,0,125
2021-01-07T19:39:36Z,0,0,126
2021-01-07T19:39:37Z,0,0,127
2021-01-07T19:39:38Z,0,0,128
2021-01-07T19:39:39Z,0,0,129
2021-01-07T19:39:40Z,0,0,129
2021-01-07T19:39:41Z,0,0,129
2021-01-07T19:39:42Z,0,0,129
2021-01-07T19:39:43Z,0,0,130
2021-01-07T19:39:44Z,0,0,129
2021-01-07T19:39:45Z,0,0,129
2021-01-07T19:39:46Z,0,0,129
2021-01-07T19:39:47Z,0,0,129
2021-01-07T19:39:48Z,0,0,129
2021-01-07T19:39:49Z,0,0,129
2021-01-07T19:39:50Z,0,0,127
2021-01-07T19:39:51Z,0,0,127
2021-01-07T19:39:52Z,0,0,127
2021-01-07T19:39:53Z,0,0,126
2021-01-07T19:39:54Z,0,0,125
2021-01-07T19:39:55Z,0,0,125
2021-01-07T19:39:56Z,0,0,126
2021-01-07T19:39:57Z,0,0,126
2021-01-07T19:39:58Z,0,0,125
2021-01-07T19:39:59Z,0,0,125
2021-01-07T19:40:00Z,0,0,125
2021-01-07T19:40:01Z,0,0,124
2021-01-07T19:40:02Z,0,0,122
2021-01-07T19:40:03Z,0,0,120
2021-01-07T19:40:04Z,0,0,117
2021-01-07T19:40:05Z,0,0,116
2021-01-07T19:40:06Z,0,0,116
2021-01-07T19:40:07Z,0,0,116
2021-01-07T19:40:08Z,0,0,116
2021-01-07T19:40:09Z,0,0,116
2021-01-07T19:40:10Z,0,0,116
2021-01-07T19:40:11Z,0,0,116
2021-01-07T19:40:12Z,0,0,115
2021-01-07T19:40:13Z,0,0,115
2021-01-07T19:40:14Z,0,0,117
2021-01-07T19:40:15Z,0,0,118
2021-01-07T19:40:16Z,0,0,118
2021-01-07T19:40:17Z,0,0,118
2021-01-07T19:40:18Z,0,0,119
2021-01-07T19:40:19Z,0,0,120
2021-01-07T19:40:20Z,0,0,121
2021-01-07T19:40:21Z,0,0,122
2021-01-07T19:40:22Z,0,0,122
2021-01-07T19:40:23Z,0,0,123
2021-01-07T19:40:24Z,0,0,123
2021-01-07T19:40:25Z,0,0,123
2021-01-07T19:40:26Z,0,0,123
2021-01-07T19:40:27Z,0,0,123
2021-01-07T19:40:28Z,0,0,122
2021-01-07T19:40:29Z,0,0,120
2021-01-07T19:40:30Z,0,0,118
2021-01-07T19:40:31Z,0,0,115
2021-01-07T19:40:32Z,0,0,112
2021-01-07T19:40:33Z,0,0,110
2021-01-07T19:40:34Z,0,0,109
2021-01-07T19:40:35Z,0,0,109
2021-01-07T19:40:36Z,0,0,110
2021-01-07T19:40:37Z,0,0,110
2021-01-07T19:40:38Z,0,0,110
2021-01-07T19:40:39Z,0,0,111
2021-01-07T19:40:40Z,0,0,111
2021-01-07T19:40:41Z,0,0,112
2021-01-07T19:40:42Z,0,0,113
2021-01-07T19:40:43Z,0,0,114
2021-01-07T19:40:44Z,0,0,115
2021-01-07T19:40:45Z,0,0,116
2021-01-07T19:40:46Z,0,0,116
2021-01-07T19:40:47Z,0,0,117
2021-01-07T19:40:48Z,0,0,116
2021-01-07T19:40:49Z,0,0,116
2021-01-07T19:40:50Z,0,0,115
2021-01-07T19:40:51Z,0,0,115
2021-01-07T19:40:52Z,0,0,115
2021-01-07T19:40:53Z,0,0,115
2021-01-07T19:40:54Z,0,0,114
2021-01-07T19:40:55Z,0,0,113
2021-01-07T19:40:56Z,0,0,112
2021-01-07T19:40:57Z,0,0,111
2021-01-07T19:40:58Z,0,0,111
2021-01-07T19:40:59Z,0,0,111
2021-01-07T19:41:00Z,0,0,111
2021-01-07T19:41:01Z,0,0,112
2021-01-07T19:41:02Z,0,0,112
2021-01-07T19:41:03Z,0,0,113
2021-01-07T19:41:04Z,0,0,115
2021-01-07T19:41:05Z,0,0,117
2021-01-07T19:41:06Z,0,0,118
2021-01-07T19:41:07Z,0,0,119
2021-01-07T19:41:08Z,0,0,121
2021-01-07T19:41:09Z,0,0,122
2021-01-07T19:41:10Z,0,0,123
2021-01-07T19:41:11Z,0,0,123
2021-01-07T19:41:12Z,0,0,124
2021-01-07T19:41:13Z,0,0,125
2021-01-07T19:41:14Z,0,0,126
2021-01-07T19:41:15Z,0,0,128
2021-01-07T19:41:16Z,0,0,129
2021-01-07T19:41:17Z,0,0,130
2021-01-07T19:41:18Z,0,0,131
2021-01-07T19:41:19Z,0,0,131
2021-01-07T19:41:20Z,0,0,130
2021-01-07T19:41:21Z,0,0,130
2021-01-07T19:41:22Z,0,0,130
2021-01-07T19:41:23Z,0,0,130
2021-01-07T19:41:24Z,0,0,130
2021-01-07T19:41:25Z,0,0,130
2021-01-07T19:41:26Z,0,0,130
2021-01-07T19:41:27Z,0,0,130
2021-01-07T19:41:28Z,0,0,129
2021-01-07T19:41:29Z,0,0,129
2021-01-07T19:41:30Z,0,0,130
2021-01-07T19:41:31Z,0,0,131
2021-01-07T19:41:32Z,0,0,131
2021-01-07T19:41:33Z,0,0,132
2021-01-07T19:41:34Z,0,0,132
2021-01-07T19:41:35Z,0,0,132
2021-01-07T19:41:36Z,0,0,132
2021-01-07T19:41:37Z,0,0,132
2021-01-07T19:41:38Z,0,0,132
2021-01-07T19:41:39Z,0,0,133
2021-01-07T19:41:40Z,0,0,133
2021-01-07T19:41:41Z,0,0,134
2021-01-07T19:41:42Z,0,0,135
2021-01-07T19:41:43Z,0,0,135
2021-01-07T19:41:44Z,0,0,135
2021-01-07T19:41:45Z,0,0,135
2021-01-07T19:41:46Z,0,0,135
2021-01-07T19:41:47Z,0,0,135
2021-01-07T19:41:48Z,0,0,134
2021-01-07T19:41:49Z,0,0,135
2021-01-07T19:41:50Z,0,0,134
2021-01-07T19:41:51Z,0,0,134
2021-01-07T19:41:52Z,0,0,134
2021-01-07T19:41:53Z,0,0,135
2021-01-07T19:41:54Z,0,0,136
2021-01-07T19:41:55Z,0,0,136
2021-01-07T19:41:56Z,0,0,137
2021-01-07T19:41:57Z,0,0,138
2021-01-07T19:41:58Z,0,0,138
2021-01-07T19:41:59Z,0,0,138
2021-01-07T19:42:00Z,0,0,138
2021-01-07T19:42:01Z,0,0,137
2021-01-07T19:42:02Z,0,0,137
2021-01-07T19:42:03Z,0,0,136
2021-01-07T19:42:04Z,0,0,136
2021-01-07T19:42:05Z,0,0,136
2021-01-07T19:42:06Z,0,0,136
2021-01-07T19:42:07Z,0,0,136
2021-01-07T19:42:08Z,0,0,136
2021-01-07T19:42:09Z,0,0,136
2021-01-07T19:42:10Z,0,0,135
2021-01-07T19:42:11Z,0,0,133
2021-01-07T19:42:12Z,0,0,132
2021-01-07T19:42:13Z,0,0,131
2021-01-07T19:42:14Z,0,0,131
2021-01-07T19:42:15Z,0,0,130
2021-01-07T19:42:16Z,0,0,129
2021-01-07T19:42:17Z,0,0,128
2021-01-07T19:42:18Z,0,0,128
2021-01-07T19:42:19Z,0,0,128
2021-01-07T19:42:20Z,0,0,129
2021-01-07T19:42:21Z,0,0,129
2021-01-07T19:42:22Z,0,0,130
2021-01-07T19:42:23Z,0,0,130
2021-01-07T19:42:24Z,0,0,131
2021-01-07T19:42:25Z,0,0,131
2021-01-07T19:42:26Z,0,0,131
2021-01-07T19:42:27Z,0,0,130
2021-01-07T19:42:28Z,0,0,128
2021-01-07T19:42:29Z,0,0,127
2021-01-07T19:42:30Z,0,0,126
2021-01-07T19:42:31Z,0,0,126
2021-01-07T19:42:32Z,0,0,127
2021-01-07T19:42:33Z,0,0,128
2021-01-07T19:42:34Z,0,0,129
2021-01-07T19:42:35Z,0,0,130
2021-01-07T19:42:36Z,0,0,130
2021-01-07T19:42:37Z,0,0,129
2021-01-07T19:42:38Z,0,0,128
2021-01-07T19:42:39Z,0,0,126
2021-01-07T19:42:40Z,0,0,124
2021-01-07T19:42:41Z,0,0,123
2021-01-07T19:42:42Z,0,0,121
2021-01-07T19:42:43Z,0,0,121
2021-01-07T19:42:44Z,0,0,122
2021-01-07T19:42:45Z,0,0,122
2021-01-07T19:42:46Z,0,0,123
2021-01-07T19:42:47Z,0,0,123
2021-01-07T19:42:48Z,0,0,124
2021-01-07T19:42:49Z,0,0,125
2021-01-07T19:42:50Z,0,0,125
2021-01-07T19:42:51Z,0,0,126
2021-01-07T19:42:52Z,0,0,127
2021-01-07T19:42:53Z,0,0,126
2021-01-07T19:42:54Z,0,0,127
2021-01-07T19:42:55Z,0,0,127
2021-01-07T19:42:56Z,0,0,127
2021-01-07T19:42:57Z,0,0,126
2021-01-07T19:42:58Z,0,0,125
2021-01-07T19:42:59Z,0,0,123
2021-01-07T19:43:00Z,0,0,122
2021-01-07T19:43:01Z,0,0,121
2021-01-07T19:43:02Z,0,0,121
2021-01-07T19:43:03Z,0,0,122
2021-01-07T19:43:04Z,0,0,123
2021-01-07T19:43:05Z,0,0,125
2021-01-07T19:43:06Z,0,0,126
2021-01-07T19:43:07Z,0,0,126
2021-01-07T19:43:08Z,0,0,126
2021-01-07T19:43:09Z,0,0,126
2021-01-07T19:43:10Z,0,0,127
2021-01-07T19:43:11Z,0,0,126
2021-01-07T19:43:12Z,0,0,126
2021-01-07T19:43:13Z,0,0,125
2021-01-07T19:43:14Z,0,0,125
2021-01-07T19:43:15Z,0,0,125
2021-01-07T19:43:16Z,0,0,126
2021-01-07T19:43:17Z,0,0,126
2021-01-07T19:43:18Z,0,0,127
2021-01-07T19:43:19Z,0,0,127
2021-01-07T19:43:20Z,0,0,126
2021-01-07T19:43:21Z,0,0,125
2021-01-07T19:43:22Z,0,0,125
2021-01-07T19:43:23Z,0,0,124
2021-01-07T19:43:24Z,0,0,123
2021-01-07T19:43:25Z,0,0,122
2021-01-07T19:43:26Z,0,0,121
2021-01-07T19:43:27Z,0,0,121
2021-01-07T19:43:28Z,0,0,121
2021-01-07T19:43:29Z,0,0,121
2021-01-07T19:43:30Z,0,0,121
2021-01-07T19:43:31Z,0,0,120
2021-01-07T19:43:32Z,0,0,120
2021-01-07T19:43:33Z,0,0,120
2021-01-07T19:43:34Z,0,0,120
2021-01-07T19:43:35Z,0,0,120
2021-01-07T19:43:36Z,0,0,120
2021-01-07T19:43:37Z,0,0,120
2021-01-07T19:43:38Z,0,0,120
2021-01-07T19:43:39Z,0,0,120
2021-01-07T19:43:40Z,0,0,119
2021-01-07T19:43:41Z,0,0,120
2021-01-07T19:43:42Z,0,0,120
2021-01-07T19:43:43Z,0,0,120
2021-01-07T19:43:44Z,0,0,121
2021-01-07T19:43:45Z,0,0,122
2021-01-07T19:43:46Z,0,0,124
2021-01-07T19:43:47Z,0,0,125
2021-01-07T19:43:48Z,0,0,127
2021-01-07T19:43:49Z,0,0,129
2021-01-07T19:43:50Z,0,0,132
2021-01-07T19:43:51Z,0,0,133
2021-01-07T19:43:52Z,0,0,133
2021-01-07T19:43:53Z,0,0,134
2021-01-07T19:43:54Z,0,0,134
2021-01-07T19:43:55Z,0,0,135
2021-01-07T19:43:56Z,0,0,136
2021-01-07T19:43:57Z,0,0,138
2021-01-07T19:43:58Z,0,0,139
2021-01-07T19:43:59Z,0,0,140
2021-01-07T19:44:00Z,0,0,141
2021-01-07T19:44:01Z,0,0,141
2021-01-07T19:44:02Z,0,0,142
2021-01-07T19:44:03Z,0,0,142
2021-01-07T19:44:04Z,0,0,142
2021-01-07T19:44:05Z,0,0,142
2021-01-07T19:44:06Z,0,0,142
2021-01-07T19:44:07Z,0,0,142
2021-01-07T19:44:08Z,0,0,143
2021-01-07T19:44:09Z,0,0,144
2021-01-07T19:44:10Z,0,0,144
2021-01-07T19:44:11Z,0,0,144
2021-01-07T19:44:12Z,0,0,143
2021-01-07T19:44:13Z,0,0,142
2021-01-07T19:44:14Z,0,0,139
2021-01-07T19:44:15Z,0,0,135
2021-01-07T19:44:16Z,0,0,132
2021-01-07T19:44:17Z,0,0,130
2021-01-07T19:44:18Z,0,0,129
2021-01-07T19:44:19Z,0,0,130
2021-01-07T19:44:20Z,0,0,132
2021-01-07T19:44:21Z,0,0,134
2021-01-07T19:44:22Z,0,0,136
2021-01-07T19:44:23Z,0,0,138
2021-01-07T19:44:24Z,0,0,140
2021-01-07T19:44:25Z,0,0,140
2021-01-07T19:44:26Z,0,0,140
2021-01-07T19:44:27Z,0,0,138
2021-01-07T19:44:28Z,0,0,137
2021-01-07T19:44:29Z,0,0,135
2021-01-07T19:44:30Z,0,0,133
2021-01-07T19:44:31Z,0,0,131
2021-01-07T19:44:32Z,0,0,130
2021-01-07T19:44:33Z,0,0,131
2021-01-07T19:44:34Z,0,0,133
2021-01-07T19:44:35Z,0,0,134
2021-01-07T19:44:36Z,0,0,136
2021-01-07T19:44:37Z,0,0,137
2021-01-07T19:44:38Z,0,0,138
2021-01-07T19:44:39Z,0,0,139
2021-01-07T19:44:40Z,0,0,140
2021-01-07T19:44:41Z,0,0,139
2021-01-07T19:44:42Z,0,0,138
2021-01-07T19:44:43Z,0,0,136
2021-01-07T19:44:44Z,0,0,135
2021-01-07T19:44:45Z,0,0,132
2021-01-07T19:44:46Z,0,0,129
2021-01-07T19:44:47Z,0,0,127
2021-01-07T19:44:48Z,0,0,126
2021-01-07T19:44:49Z,0,0,126
2021-01-07T19:44:50Z,0,0,127
2021-01-07T19:44:51Z,0,0,129
2021-01-07T19:44:52Z,0,0,131
2021-01-07T19:44:53Z,0,0,133
2021-01-07T19:44:54Z,0,0,134
2021-01-07T19:44:55Z,0,0,134
2021-01-07T19:44:56Z,0,0,134
2021-01-07T19:44:57Z,0,0,134
2021-01-07T19:44:58Z,0,0,134
2021-01-07T19:44:59Z,0,0,134
2021-01-07T19:45:00Z,0,0,134
2021-01-07T19:45:01Z,0,0,133
2021-01-07T19:45:02Z,0,0,133
2021-01-07T19:45:03Z,0,0,132
2021-01-07T19:45:04Z,0,0,133
2021-01-07T19:45:05Z,0,0,134
2021-01-07T19:45:06Z,0,0,135
2021-01-07T19:45:07Z,0,0,136
2021-01-07T19:45:08Z,0,0,138
2021-01-07T19:45:09Z,0,0,138
2021-01-07T19:45:10Z,0,0,138
2021-01-07T19:45:11Z,0,0,137
2021-01-07T19:45:12Z,0,0,136
2021-01-07T19:45:13Z,0,0,135
2021-01-07T19:45:14Z,0,0,134
2021-01-07T19:45:15Z,0,0,134
2021-01-07T19:45:16Z,0,0,134
2021-01-07T19:45:17Z,0,0,134
2021-01-07T19:45:18Z,0,0,134
2021-01-07T19:45:19Z,0,0,134
2021-01-07T19:45:20Z,0,0,134
2021-01-07T19:45:21Z,0,0,134
2021-01-07T19:45:22Z,0,0,134
2021-01-07T19:45:23Z,0,0,133
2021-01-07T19:45:24Z,0,0,133
2021-01-07T19:45:25Z,0,0,132
2021-01-07T19:45:26Z,0,0,132
2021-01-07T19:45:27Z,0,0,131
2021-01-07T19:45:28Z,0,0,132
2021-01-07T19:45:29Z,0,0,132
2021-01-07T19:45:30Z,0,0,133
2021-01-07T19:45:31Z,0,0,134
2021-01-07T19:45:32Z,0,0,133
2021-01-07T19:45:33Z,0,0,132
2021-01-07T19:45:34Z,0,0,130
2021-01-07T19:45:35Z,0,0,128
2021-01-07T19:45:36Z,0,0,126
2021-01-07T19:45:37Z,0,0,123
2021-01-07T19:45:38Z,0,0,121
2021-01-07T19:45:39Z,0,0,120
2021-01-07T19:45:40Z,0,0,118
2021-01-07T19:45:41Z,0,0,117
2021-01-07T19:45:42Z,0,0,117
2021-01-07T19:45:43Z,0,0,118
2021-01-07T19:45:44Z,0,0,118
2021-01-07T19:45:45Z,0,0,119
2021-01-07T19:45:46Z,0,0,120
2021-01-07T19:45:47Z,0,0,121
2021-01-07T19:45:48Z,0,0,123
2021-01-07T19:45:49Z,0,0,124
2021-01-07T19:45:50Z,0,0,125
2021-01-07T19:45:51Z,0,0,126
2021-01-07T19:45:52Z,0,0,126
2021-01-07T19:45:53Z,0,0,125
2021-01-07T19:45:54Z,0,0,124
2021-01-07T19:45:55Z,0,0,122
2021-01-07T19:45:56Z,0,0,121
2021-01-07T19:45:57Z,0,0,121
2021-01-07T19:45:58Z,0,0,122
2021-01-07T19:45:59Z,0,0,123
2021-01-07T19:46:00Z,0,0,124
2021-01-07T19:46:01Z,0,0,127
2021-01-07T19:46:02Z,0,0,129
2021-01-07T19:46:03Z,0,0,132
2021-01-07T19:46:04Z,0,0,135
2021-01-07T19:46:05Z,0,0,137
2021-01-07T19:46:06Z,0,0,138
2021-01-07T19:46:07Z,0,0,139
2021-01-07T19:46:08Z,0,0,140
2021-01-07T19:46:09Z,0,0,141
2021-01-07T19:46:10Z,0,0,142
2021-01-07T19:46:11Z,0,0,143
2021-01-07T19:46:12Z,0,0,144
2021-01-07T19:46:13Z,0,0,145
2021-01-07T19:46:14Z,0,0,146
2021-01-07T19:46:15Z,0,0,146
2021-01-07T19:46:16Z,0,0,146
2021-01-07T19:46:17Z,0,0,146
2021-01-07T19:46:18Z,0,0,146
2021-01-07T19:46:19Z,0,0,145
2021-01-07T19:46:20Z,0,0,145
2021-01-07T19:46:21Z,0,0,144
2021-01-07T19:46:22Z,0,0,143
2021-01-07T19:46:23Z,0,0,143
2021-01-07T19:46:24Z,0,0,142
2021-01-07T19:46:25Z,0,0,142
2021-01-07T19:46:26Z,0,0,142
2021-01-07T19:46:27Z,0,0,142
2021-01-07T19:46:28Z,0,0,143
2021-01-07T19:46:29Z,0,0,144
2021-01-07T19:46:30Z,0,0,146
2021-01-07T19:46:31Z,0,0,147
2021-01-07T19:46:32Z,0,0,148
2021-01-07T19:46:33Z,0,0,149
2021-01-07T19:46:34Z,0,0,149
2021-01-07T19:46:35Z,0,0,149
2021-01-07T19:46:36Z,0,0,150
2021-01-07T19:46:37Z,0,0,150
2021-01-07T19:46:38Z,0,0,152
2021-01-07T19:46:39Z,0,0,152
2021-01-07T19:46:40Z,0,0,153
2021-01-07T19:46:41Z,0,0,153
2021-01-07T19:46:42Z,0,0,154
2021-01-07T19:46:43Z,0,0,155
2021-01-07T19:46:44Z,0,0,156
2021-01-07T19:46:45Z,0,0,156
2021-01-07T19:46:46Z,0,0,156
2021-01-07T19:46:47Z,0,0,156
2021-01-07T19:46:48Z,0,0,157
2021-01-07T19:46:49Z,0,0,157
2021-01-07T19:46:50Z,0,0,156
2021-01-07T19:46:51Z,0,0,156
2021-01-07T19:46:52Z,0,0,155
2021-01-07T19:46:53Z,0,0,154
2021-01-07T19:46:54Z,0,0,153
2021-01-07T19:46:55Z,0,0,152
2021-01-07T19:46:56Z,0,0,151
2021-01-07T19:46:57Z,0,0,151
2021-01-07T19:46:58Z,0,0,151
2021-01-07T19:46:59Z,0,0,150
2021-01-07T19:47:00Z,0,0,149
2021-01-07T19:47:01Z,0,0,148
2021-01-07T19:47:02Z,0,0,147
2021-01-07T19:47:03Z,0,0,146
2021-01-07T19:47:04Z,0,0,146
2021-01-07T19:47:05Z,0,0,146
2021-01-07T19:47:06Z,0,0,146
2021-01-07T19:47:07Z,0,0,146
2021-01-07T19:47:08Z,0,0,147
2021-01-07T19:47:09Z,0,0,148
2021-01-07T19:47:10Z,0,0,148
2021-01-07T19:47:11Z,0,0,147
2021-01-07T19:47:12Z,0,0,146
2021-01-07T19:47:13Z,0,0,145
2021-01-07T19:47:14Z,0,0,144
2021-01-07T19:47:15Z,0,0,143
2021-01-07T19:47:16Z,0,0,143
2021-01-07T19:47:17Z,0,0,143
2021-01-07T19:47:18Z,0,0,144
2021-01-07T19:47:19Z,0,0,144
2021-01-07T19:47:20Z,0,0,144
2021-01-07T19:47:21Z,0,0,144
2021-01-07T19:47:22Z,0,0,143
2021-01-07T19:47:23Z,0,0,143
2021-01-07T19:47:24Z,0,0,142
2021-01-07T19:47:25Z,0,0,141
2021-01-07T19:47:26Z,0,0,140
2021-01-07T19:47:27Z,0,0,139
2021-01-07T19:47:28Z,0,0,138
2021-01-07T19:47:29Z,0,0,136
2021-01-07T19:47:30Z,0,0,136
2021-01-07T19:47:31Z,0,0,136
2021-01-07T19:47:32Z,0,0,135
2021-01-07T19:47:33Z,0,0,134
2021-01-07T19:47:34Z,0,0,134
2021-01-07T19:47:35Z,0,0,133
2021-01-07T19:47:36Z,0,0,131
2021-01-07T19:47:37Z,0,0,129
2021-01-07T19:47:38Z,0,0,128
2021-01-07T19:47:39Z,0,0,128
2021-01-07T19:47:40Z,0,0,129
2021-01-07T19:47:41Z,0,0,130
2021-01-07T19:47:42Z,0,0,131
2021-01-07T19:47:43Z,0,0,132
2021-01-07T19:47:44Z,0,0,133
2021-01-07T19:47:45Z,0,0,132
2021-01-07T19:47:46Z,0,0,132
2021-01-07T19:47:47Z,0,0,131
2021-01-07T19:47:48Z,0,0,131
2021-01-07T19:47:49Z,0,0,130
2021-01-07T19:47:50Z,0,0,130
2021-01-07T19:47:51Z,0,0,128
2021-01-07T19:47:52Z,0,0,126
2021-01-07T19:47:53Z,0,0,124
2021-01-07T19:47:54Z,0,0,122
2021-01-07T19:47:55Z,0,0,120
2021-01-07T19:47:56Z,0,0,118
2021-01-07T19:47:57Z,0,0,117
2021-01-07T19:47:58Z,0,0,116
2021-01-07T19:47:59Z,0,0,117
2021-01-07T19:48:00Z,0,0,119
2021-01-07T19:48:01Z,0,0,122
2021-01-07T19:48:02Z,0,0,124
2021-01-07T19:48:03Z,0,0,125
2021-01-07T19:48:04Z,0,0,127
2021-01-07T19:48:05Z,0,0,129
2021-01-07T19:48:06Z,0,0,131
2021-01-07T19:48:07Z,0,0,132
2021-01-07T19:48:08Z,0,0,133
2021-01-07T19:48:09Z,0,0,133
2021-01-07T19:48:10Z,0,0,132
2021-01-07T19:48:11Z,0,0,130
2021-01-07T19:48:12Z,0,0,128
2021-01-07T19:48:13Z,0,0,127
2021-01-07T19:48:14Z,0,0,125
2021-01-07T19:48:15Z,0,0,124
2021-01-07T19:48:16Z,0,0,123
2021-01-07T19:48:17Z,0,0,123
2021-01-07T19:48:18Z,0,0,122
2021-01-07T19:48:19Z,0,0,122
2021-01-07T19:48:20Z,0,0,121
2021-01-07T19:48:21Z,0,0,120
2021-01-07T19:48:22Z,0,0,118
2021-01-07T19:48:23Z,0,0,117
2021-01-07T19:48:24Z,0,0,116
2021-01-07T19:48:25Z,0,0,116
2021-01-07T19:48:26Z,0,0,116
2021-01-07T19:48:27Z,0,0,116
2021-01-07T19:48:28Z,0,0,116
2021-01-07T19:48:29Z,0,0,115
2021-01-07T19:48:30Z,0,0,115
2021-01-07T19:48:31Z,0,0,115
2021-01-07T19:48:32Z,0,0,116
2021-01-07T19:48:33Z,0,0,118
2021-01-07T19:48:34Z,0,0,119
2021-01-07T19:48:35Z,0,0,120
2021-01-07T19:48:36Z,0,0,121
2021-01-07T19:48:37Z,0,0,122
2021-01-07T19:48:38Z,0,0,123
2021-01-07T19:48:39Z,0,0,123
2021-01-07T19:48:40Z,0,0,123
2021-01-07T19:48:41Z,0,0,122
2021-01-07T19:48:42Z,0,0,121
2021-01-07T19:48:43Z,0,0,120
2021-01-07T19:48:44Z,0,0,120
2021-01-07T19:48:45Z,0,0,120
2021-01-07T19:48:46Z,0,0,121
2021-01-07T19:48:47Z,0,0,122
2021-01-07T19:48:48Z,0,0,122
2021-01-07T19:48:49Z,0,0,122
2021-01-07T19:48:50Z,0,0,122
2021-01-07T19:48:51Z,0,0,122
2021-01-07T19:48:52Z,0,0,122
2021-01-07T19:48:53Z,0,0,122
2021-01-07T19:48:54Z,0,0,122
2021-01-07T19:48:55Z,0,0,120
2021-01-07T19:48:56Z,0,0,117
2021-01-07T19:48:57Z,0,0,116
2021-01-07T19:48:58Z,0,0,116
2021-01-07T19:48:59Z,0,0,116
2021-01-07T19:49:00Z,0,0,116
2021-01-07T19:49:01Z,0,0,115
2021-01-07T19:49:02Z,0,0,113
2021-01-07T19:49:03Z,0,0,110
2021-01-07T19:49:04Z,0,0,108
2021-01-07T19:49:05Z,0,0,106
2021-01-07T19:49:06Z,0,0,105
2021-01-07T19:49:07Z,0,0,106
2021-01-07T19:49:08Z,0,0,106
2021-01-07T19:49:09Z,0,0,107
2021-01-07T19:49:10Z,0,0,108
2021-01-07T19:49:11Z,0,0,109
2021-01-07T19:49:12Z,0,0,110
2021-01-07T19:49:13Z,0,0,111
2021-01-07T19:49:14Z,0,0,112
2021-01-07T19:49:15Z,0,0,112
2021-01-07T19:49:16Z,0,0,113
2021-01-07T19:49:17Z,0,0,114
2021-01-07T19:49:18Z,0,0,115
2021-01-07T19:49:19Z,0,0,117
2021-01-07T19:49:20Z,0,0,118
2021-01-07T19:49:21Z,0,0,120
2021-01-07T19:49:22Z,0,0,121
2021-01-07T19:49:23Z,0,0,121
2021-01-07T19:49:24Z,0,0,121
2021-01-07T19:49:25Z,0,0,122
2021-01-07T19:49:26Z,0,0,122
2021-01-07T19:49:27Z,0,0,122
2021-01-07T19:49:28Z,0,0,122
2021-01-07T19:49:29Z,0,0,121
2021-01-07T19:49:30Z,0,0,121
2021-01-07T19:49:31Z,0,0,119
2021-01-07T19:49:32Z,0,0,117
2021-01-07T19:49:33Z,0,0,114
2021-01-07T19:49:34Z,0,0,112
2021-01-07T19:49:35Z,0,0,110
2021-01-07T19:49:36Z,0,0,110
2021-01-07T19:49:37Z,0,0,111
2021-01-07T19:49:38Z,0,0,113
2021-01-07T19:49:39Z,0,0,115
2021-01-07T19:49:40Z,0,0,117
2021-01-07T19:49:41Z,0,0,118
2021-01-07T19:49:42Z,0,0,119
2021-01-07T19:49:43Z,0,0,119
2021-01-07T19:49:44Z,0,0,118
2021-01-07T19:49:45Z,0,0,118
2021-01-07T19:49:46Z,0,0,116
2021-01-07T19:49:47Z,0,0,114
2021-01-07T19:49:48Z,0,0,113
2021-01-07T19:49:49Z,0,0,112
2021-01-07T19:49:50Z,0,0,109
2021-01-07T19:49:51Z,0,0,107
2021-01-07T19:49:52Z,0,0,106
2021-01-07T19:49:53Z,0,0,104
2021-01-07T19:49:54Z,0,0,103
2021-01-07T19:49:55Z,0,0,101
2021-01-07T19:49:56Z,0,0,100
2021-01-07T19:49:57Z,0,0,100
2021-01-07T19:49:58Z,0,0,100
2021-01-07T19:49:59Z,0,0,101
2021-01-07T19:50:00Z,0,0,103
2021-01-07T19:50:01Z,0,0,103
2021-01-07T19:50:02Z,0,0,105
2021-01-07T19:50:03Z,0,0,108
2021-01-07T19:50:04Z,0,0,113
2021-01-07T19:50:05Z,0,0,117
2021-01-07T19:50:06Z,0,0,120
2021-01-07T19:50:07Z,0,0,122
2021-01-07T19:50:08Z,0,0,125
2021-01-07T19:50:09Z,0,0,129
2021-01-07T19:50:10Z,0,0,131
2021-01-07T19:50:11Z,0,0,134
2021-01-07T19:50:12Z,0,0,136
2021-01-07T19:50:13Z,0,0,137
2021-01-07T19:50:14Z,0,0,139
2021-01-07T19:50:15Z,0,0,140
2021-01-07T19:50:16Z,0,0,142
2021-01-07T19:50:17Z,0,0,143
2021-01-07T19:50:18Z,0,0,145
2021-01-07T19:50:19Z,0,0,146
2021-01-07T19:50:20Z,0,0,147
2021-01-07T19:50:21Z,0,0,148
2021-01-07T19:50:22Z,0,0,148
2021-01-07T19:50:23Z,0,0,149
2021-01-07T19:50:24Z,0,0,150
2021-01-07T19:50:25Z,0,0,151
2021-01-07T19:50:26Z,0,0,151
2021-01-07T19:50:27Z,0,0,150
2021-01-07T19:50:28Z,0,0,150
2021-01-07T19:50:29Z,0,0,149
2021-01-07T19:50:30Z,0,0,148
2021-01-07T19:50:31Z,0,0,147
2021-01-07T19:50:32Z,0,0,147
2021-01-07T19:50:33Z,0,0,147
2021-01-07T19:50:34Z,0,0,147
2021-01-07T19:50:35Z,0,0,147
2021-01-07T19:50:36Z,0,0,147
2021-01-07T19:50:37Z,0,0,147
2021-01-07T19:50:38Z,0,0,147
2021-01-07T19:50:39Z,0,0,147
2021-01-07T19:50:40Z,0,0,146
2021-01-07T19:50:41Z,0,0,146
2021-01-07T19:50:42Z,0,0,146
2021-01-07T19:50:43Z,0,0,146
2021-01-07T19:50:44Z,0,0,146
2021-01-07T19:50:45Z,0,0,145
2021-01-07T19:50:46Z,0,0,145
2021-01-07T19:50:47Z,0,0,145
2021-01-07T19:50:48Z,0,0,144
2021-01-07T19:50:49Z,0,0,140
2021-01-07T19:50:50Z,0,0,135
2021-01-07T19:50:51Z,0,0,130
2021-01-07T19:50:52Z,0,0,125
2021-01-07T19:50:53Z,0,0,122
2021-01-07T19:50:54Z,0,0,121
2021-01-07T19:50:55Z,0,0,123
2021-01-07T19:50:56Z,0,0,126
2021-01-07T19:50:57Z,0,0,129
2021-01-07T19:50:58Z,0,0,133
2021-01-07T19:50:59Z,0,0,135
2021-01-07T19:51:00Z,0,0,137
2021-01-07T19:51:01Z,0,0,138
2021-01-07T19:51:02Z,0,0,139
2021-01-07T19:51:03Z,0,0,140
2021-01-07T19:51:04Z,0,0,141
2021-01-07T19:51:05Z,0,0,141
2021-01-07T19:51:06Z,0,0,141
2021-01-07T19:51:07Z,0,0,141
2021-01-07T19:51:08Z,0,0,139
2021-01-07T19:51:09Z,0,0,136
2021-01-07T19:51:10Z,0,0,134
2021-01-07T19:51:11Z,0,0,132
2021-01-07T19:51:12Z,0,0,130
2021-01-07T19:51:13Z,0,0,129
2021-01-07T19:51:14Z,0,0,129
2021-01-07T19:51:15Z,0,0,130
2021-01-07T19:51:16Z,0,0,131
2021-01-07T19:51:17Z,0,0,133
2021-01-07T19:51:18Z,0,0,134
2021-01-07T19:51:19Z,0,0,135
2021-01-07T19:51:20Z,0,0,136
2021-01-07T19:51:21Z,0,0,137
2021-01-07T19:51:22Z,0,0,137
2021-01-07T19:51:23Z,0,0,137
2021-01-07T19:51:24Z,0,0,137
2021-01-07T19:51:25Z,0,0,137
2021-01-07T19:51:26Z,0,0,137
2021-01-07T19:51:27Z,0,0,137
2021-01-07T19:51:28Z,0,0,137
2021-01-07T19:51:29Z,0,0,137
2021-01-07T19:51:30Z,0,0,138
2021-01-07T19:51:31Z,0,0,138
2021-01-07T19:51:32Z,0,0,138
2021-01-07T19:51:33Z,0,0,138
2021-01-07T19:51:34Z,0,0,137
2021-01-07T19:51:35Z,0,0,137
2021-01-07T19:51:36Z,0,0,136
2021-01-07T19:51:37Z,0,0,135
2021-01-07T19:51:38Z,0,0,135
2021-01-07T19:51:39Z,0,0,134
2021-01-07T19:51:40Z,0,0,134
2021-01-07T19:51:41Z,0,0,134
2021-01-07T19:51:42Z,0,0,134
2021-01-07T19:51:43Z,0,0,133
2021-01-07T19:51:44Z,0,0,133
2021-01-07T19:51:45Z,0,0,132
2021-01-07T19:51:46Z,0,0,132
2021-01-07T19:51:47Z,0,0,131
2021-01-07T19:51:48Z,0,0,131
2021-01-07T19:51:49Z,0,0,131
2021-01-07T19:51:50Z,0,0,132
2021-01-07T19:51:51Z,0,0,132
2021-01-07T19:51:52Z,0,0,133
2021-01-07T19:51:53Z,0,0,133
2021-01-07T19:51:54Z,0,0,133
2021-01-07T19:51:55Z,0,0,133
2021-01-07T19:51:56Z,0,0,133
2021-01-07T19:51:57Z,0,0,132
2021-01-07T19:51:58Z,0,0,131
2021-01-07T19:51:59Z,0,0,131
2021-01-07T19:52:00Z,0,0,130
2021-01-07T19:52:01Z,0,0,130
2021-01-07T19:52:02Z,0,0,129
2021-01-07T19:52:03Z,0,0,129
2021-01-07T19:52:04Z,0,0,128
2021-01-07T19:52:05Z,0,0,127
2021-01-07T19:52:06Z,0,0,127
2021-01-07T19:52:07Z,0,0,128
2021-01-07T19:52:08Z,0,0,129
2021-01-07T19:52:09Z,0,0,131
2021-01-07T19:52:10Z,0,0,132
2021-01-07T19:52:11Z,0,0,131
2021-01-07T19:52:12Z,0,0,131
2021-01-07T19:52:13Z,0,0,130
2021-01-07T19:52:14Z,0,0,127
2021-01-07T19:52:15Z,0,0,125
2021-01-07T19:52:16Z,0,0,122
2021-01-07T19:52:17Z,0,0,120
2021-01-07T19:52:18Z,0,0,118
2021-01-07T19:52:19Z,0,0,118
2021-01-07T19:52:20Z,0,0,117
2021-01-07T19:52:21Z,0,0,117
2021-01-07T19:52:22Z,0,0,117
2021-01-07T19:52:23Z,0,0,117
2021-01-07T19:52:24Z,0,0,117
2021-01-07T19:52:25Z,0,0,118
2021-01-07T19:52:26Z,0,0,118
2021-01-07T19:52:27Z,0,0,118
2021-01-07T19:52:28Z,0,0,119
2021-01-07T19:52:29Z,0,0,120
2021-01-07T19:52:30Z,0,0,121
2021-01-07T19:52:31Z,0,0,123
2021-01-07T19:52:32Z,0,0,124
2021-01-07T19:52:33Z,0,0,123
2021-01-07T19:52:34Z,0,0,123
2021-01-07T19:52:35Z,0,0,122
2021-01-07T19:52:36Z,0,0,121
2021-01-07T19:52:37Z,0,0,120
2021-01-07T19:52:38Z,0,0,119
2021-01-07T19:52:39Z,0,0,119
2021-01-07T19:52:40Z,0,0,119
2021-01-07T19:52:41Z,0,0,120
2021-01-07T19:52:42Z,0,0,120
2021-01-07T19:52:43Z,0,0,121
2021-01-07T19:52:44Z,0,0,120
2021-01-07T19:52:45Z,0,0,120
2021-01-07T19:52:46Z,0,0,119
2021-01-07T19:52:47Z,0,0,119
2021-01-07T19:52:48Z,0,0,119
2021-01-07T19:52:49Z,0,0,119
2021-01-07T19:52:50Z,0,0,120
2021-01-07T19:52:51Z,0,0,120
2021-01-07T19:52:52Z,0,0,121
2021-01-07T19:52:53Z,0,0,121
2021-01-07T19:52:54Z,0,0,121
2021-01-07T19:52:55Z,0,0,121
2021-01-07T19:52:56Z,0,0,121
2021-01-07T19:52:57Z,0,0,121
2021-01-07T19:52:58Z,0,0,122
2021-01-07T19:52:59Z,0,0,123
2021-01-07T19:53:00Z,0,0,124
2021-01-07T19:53:01Z,0,0,125
2021-01-07T19:53:02Z,0,0,125
2021-01-07T19:53:03Z,0,0,124
2021-01-07T19:53:04Z,0,0,123
2021-01-07T19:53:05Z,0,0,120
2021-01-07T19:53:06Z,0,0,116
2021-01-07T19:53:07Z,0,0,113
2021-01-07T19:53:08Z,0,0,108
2021-01-07T19:53:09Z,0,0,105
2021-01-07T19:53:10Z,0,0,104
2021-01-07T19:53:11Z,0,0,104
2021-01-07T19:53:12Z,0,0,106
2021-01-07T19:53:13Z,0,0,106
2021-01-07T19:53:14Z,0,0,107
2021-01-07T19:53:15Z,0,0,108
2021-01-07T19:53:16Z,0,0,110
2021-01-07T19:53:17Z,0,0,113
2021-01-07T19:53:18Z,0,0,116
2021-01-07T19:53:19Z,0,0,119
2021-01-07T19:53:20Z,0,0,122
2021-01-07T19:53:21Z,0,0,125
2021-01-07T19:53:22Z,0,0,129
2021-01-07T19:53:23Z,0,0,131
2021-01-07T19:53:24Z,0,0,134
2021-01-07T19:53:25Z,0,0,136
2021-01-07T19:53:26Z,0,0,137
2021-01-07T19:53:27Z,0,0,138
2021-01-07T19:53:28Z,0,0,140
2021-01-07T19:53:29Z,0,0,141
2021-01-07T19:53:30Z,0,0,141
2021-01-07T19:53:31Z,0,0,143
2021-01-07T19:53:32Z,0,0,144
2021-01-07T19:53:33Z,0,0,145
2021-01-07T19:53:34Z,0,0,146
2021-01-07T19:53:35Z,0,0,147
2021-01-07T19:53:36Z,0,0,148
2021-01-07T19:53:37Z,0,0,149
2021-01-07T19:53:38Z,0,0,149
2021-01-07T19:53:39Z,0,0,150
2021-01-07T19:53:40Z,0,0,150
2021-01-07T19:53:41Z,0,0,150
2021-01-07T19:53:42Z,0,0,150
2021-01-07T19:53:43Z,0,0,149
2021-01-07T19:53:44Z,0,0,149
2021-01-07T19:53:45Z,0,0,148
2021-01-07T19:53:46Z,0,0,149
2021-01-07T19:53:47Z,0,0,149
2021-01-07T19:53:48Z,0,0,149
2021-01-07T19:53:49Z,0,0,150
2021-01-07T19:53:50Z,0,0,151
2021-01-07T19:53:51Z,0,0,151
2021-01-07T19:53:52Z,0,0,152
2021-01-07T19:53:53Z,0,0,152
2021-01-07T19:53:54Z,0,0,152
2021-01-07T19:53:55Z,0,0,151
2021-01-07T19:53:56Z,0,0,151
2021-01-07T19:53:57Z,0,0,151
2021-01-07T19:53:58Z,0,0,150
2021-01-07T19:53:59Z,0,0,150
2021-01-07T19:54:00Z,0,0,150
2021-01-07T19:54:01Z,0,0,150
2021-01-07T19:54:02Z,0,0,150
2021-01-07T19:54:03Z,0,0,150
2021-01-07T19:54:04Z,0,0,150
2021-01-07T19:54:05Z,0,0,150
2021-01-07T19:54:06Z,0,0,150
2021-01-07T19:54:07Z,0,0,151
2021-01-07T19:54:08Z,0,0,151
2021-01-07T19:54:09Z,0,0,151
2021-01-07T19:54:10Z,0,0,151
2021-01-07T19:54:11Z,0,0,151
2021-01-07T19:54:12Z,0,0,151
2021-01-07T19:54:13Z,0,0,150
2021-01-07T19:54:14Z,0,0,150
2021-01-07T19:54:15Z,0,0,149
2021-01-07T19:54:16Z,0,0,148
2021-01-07T19:54:17Z,0,0,147
2021-01-07T19:54:18Z,0,0,145
2021-01-07T19:54:19Z,0,0,143
2021-01-07T19:54:20Z,0,0,142
2021-01-07T19:54:21Z,0,0,141
2021-01-07T19:54:22Z,0,0,140
2021-01-07T19:54:23Z,0,0,139
2021-01-07T19:54:24Z,0,0,139
2021-01-07T19:54:25Z,0,0,139
2021-01-07T19:54:26Z,0,0,139
2021-01-07T19:54:27Z,0,0,139
2021-01-07T19:54:28Z,0,0,138
2021-01-07T19:54:29Z,0,0,138
2021-01-07T19:54:30Z,0,0,137
2021-01-07T19:54:31Z,0,0,137
2021-01-07T19:54:32Z,0,0,136
2021-01-07T19:54:33Z,0,0,136
2021-01-07T19:54:34Z,0,0,135
2021-01-07T19:54:35Z,0,0,134
2021-01-07T19:54:36Z,0,0,133
2021-01-07T19:54:37Z,0,0,132
2021-01-07T19:54:38Z,0,0,132
2021-01-07T19:54:39Z,0,0,133
2021-01-07T19:54:40Z,0,0,134
2021-01-07T19:54:41Z,0,0,135
2021-01-07T19:54:42Z,0,0,135
2021-01-07T19:54:43Z,0,0,134
2021-01-07T19:54:44Z,0,0,133
2021-01-07T19:54:45Z,0,0,133
2021-01-07T19:54:46Z,0,0,132
2021-01-07T19:54:47Z,0,0,131
2021-01-07T19:54:48Z,0,0,131
2021-01-07T19:54:49Z,0,0,131
2021-01-07T19:54:50Z,0,0,130
2021-01-07T19:54:51Z,0,0,130
2021-01-07T19:54:52Z,0,0,129
2021-01-07T19:54:53Z,0,0,128
2021-01-07T19:54:54Z,0,0,127
2021-01-07T19:54:55Z,0,0,126
2021-01-07T19:54:56Z,0,0,125
2021-01-07T19:54:57Z,0,0,124
2021-01-07T19:54:58Z,0,0,123
2021-01-07T19:54:59Z,0,0,122
2021-01-07T19:55:00Z,0,0,122
2021-01-07T19:55:01Z,0,0,122
2021-01-07T19:55:02Z,0,0,123
2021-01-07T19:55:03Z,0,0,124
2021-01-07T19:55:04Z,0,0,125
2021-01-07T19:55:05Z,0,0,126
2021-01-07T19:55:06Z,0,0,127
2021-01-07T19:55:07Z,0,0,127
2021-01-07T19:55:08Z,0,0,126
2021-01-07T19:55:09Z,0,0,126
2021-01-07T19:55:10Z,0,0,125
2021-01-07T19:55:11Z,0,0,124
2021-01-07T19:55:12Z,0,0,124
2021-01-07T19:55:13Z,0,0,124
2021-01-07T19:55:14Z,0,0,124
2021-01-07T19:55:15Z,0,0,124
2021-01-07T19:55:16Z,0,0,124
2021-01-07T19:55:17Z,0,0,123
2021-01-07T19:55:18Z,0,0,122
2021-01-07T19:55:19Z,0,0,121
2021-01-07T19:55:20Z,0,0,120
2021-01-07T19:55:21Z,0,0,120
2021-01-07T19:55:22Z,0,0,120
2021-01-07T19:55:23Z,0,0,121
2021-01-07T19:55:24Z,0,0,122
2021-01-07T19:55:25Z,0,0,123
2021-01-07T19:55:26Z,0,0,124
2021-01-07T19:55:27Z,0,0,125
2021-01-07T19:55:28Z,0,0,124
2021-01-07T19:55:29Z,0,0,124
2021-01-07T19:55:30Z,0,0,123
2021-01-07T19:55:31Z,0,0,123
2021-01-07T19:55:32Z,0,0,122
2021-01-07T19:55:33Z,0,0,122
2021-01-07T19:55:34Z,0,0,123
2021-01-07T19:55:35Z,0,0,123
2021-01-07T19:55:36Z,0,0,124
2021-01-07T19:55:37Z,0,0,124
2021-01-07T19:55:38Z,0,0,125
2021-01-07T19:55:39Z,0,0,126
2021-01-07T19:55:40Z,0,0,126
2021-01-07T19:55:41Z,0,0,125
2021-01-07T19:55:42Z,0,0,124
2021-01-07T19:55:43Z,0,0,124
2021-01-07T19:55:44Z,0,0,123
2021-01-07T19:55:45Z,0,0,123
2021-01-07T19:55:46Z,0,0,123
2021-01-07T19:55:47Z,0,0,124
2021-01-07T19:55:48Z,0,0,124
2021-01-07T19:55:49Z,0,0,124
2021-01-07T19:55:50Z,0,0,123
2021-01-07T19:55:51Z,0,0,123
2021-01-07T19:55:52Z,0,0,122
2021-01-07T19:55:53Z,0,0,122
2021-01-07T19:55:54Z,0,0,122
2021-01-07T19:55:55Z,0,0,122
2021-01-07T19:55:56Z,0,0,123
2021-01-07T19:55:57Z,0,0,123
2021-01-07T19:55:58Z,0,0,123
2021-01-07T19:55:59Z,0,0,123
2021-01-07T19:56:00Z,0,0,123
2021-01-07T19:56:01Z,0,0,123
2021-01-07T19:56:02Z,0,0,123
2021-01-07T19:56:03Z,0,0,123
2021-01-07T19:56:04Z,0,0,122
2021-01-07T19:56:05Z,0,0,121
2021-01-07T19:56:06Z,0,0,121
2021-01-07T19:56:07Z,0,0,121
2021-01-07T19:56:08Z,0,0,121
2021-01-07T19:56:09Z,0,0,121
2021-01-07T19:56:10Z,0,0,122
2021-01-07T19:56:11Z,0,0,122
2021-01-07T19:56:12Z,0,0,121
2021-01-07T19:56:13Z,0,0,121
2021-01-07T19:56:14Z,0,0,120
2021-01-07T19:56:15Z,0,0,119
2021-01-07T19:56:16Z,0,0,118
2021-01-07T19:56:17Z,0,0,118
2021-01-07T19:56:18Z,0,0,118
2021-01-07T19:56:19Z,0,0,118
2021-01-07T19:56:20Z,0,0,118
2021-01-07T19:56:21Z,0,0,119
2021-01-07T19:56:22Z,0,0,119
2021-01-07T19:56:23Z,0,0,118
2021-01-07T19:56:24Z,0,0,118
2021-01-07T19:56:25Z,0,0,118
2021-01-07T19:56:26Z,0,0,116
2021-01-07T19:56:27Z,0,0,114
2021-01-07T19:56:28Z,0,0,113
2021-01-07T19:56:29Z,0,0,110
2021-01-07T19:56:30Z,0,0,109
2021-01-07T19:56:31Z,0,0,108
2021-01-07T19:56:32Z,0,0,108
2021-01-07T19:56:33Z,0,0,109
2021-01-07T19:56:34Z,0,0,110
2021-01-07T19:56:35Z,0,0,112
2021-01-07T19:56:36Z,0,0,114
2021-01-07T19:56:37Z,0,0,114
2021-01-07T19:56:38Z,0,0,114
2021-01-07T19:56:39Z,0,0,113
2021-01-07T19:56:40Z,0,0,113
2021-01-07T19:56:41Z,0,0,112
2021-01-07T19:56:42Z,0,0,112
2021-01-07T19:56:43Z,0,0,112
2021-01-07T19:56:44Z,0,0,111
2021-01-07T19:56:45Z,0,0,111
2021-01-07T19:56:46Z,0,0,111
2021-01-07T19:56:47Z,0,0,110
2021-01-07T19:56:48Z,0,0,110
2021-01-07T19:56:49Z,0,0,110
2021-01-07T19:56:50Z,0,0,111
2021-01-07T19:56:51Z,0,0,111
2021-01-07T19:56:52Z,0,0,112
2021-01-07T19:56:53Z,0,0,113
2021-01-07T19:56:54Z,0,0,114
2021-01-07T19:56:55Z,0,0,115
2021-01-07T19:56:56Z,0,0,115
2021-01-07T19:56:57Z,0,0,115
2021-01-07T19:56:58Z,0,0,116
2021-01-07T19:56:59Z,0,0,116
2021-01-07T19:57:00Z,0,0,116
2021-01-07T19:57:01Z,0,0,116
2021-01-07T19:57:02Z,0,0,117
2021-01-07T19:57:03Z,0,0,118
2021-01-07T19:57:04Z,0,0,119
2021-01-07T19:57:05Z,0,0,119
2021-01-07T19:57:06Z,0,0,120
2021-01-07T19:57:07Z,0,0,120
2021-01-07T19:57:08Z,0,0,121
2021-01-07T19:57:09Z,0,0,121
2021-01-07T19:57:10Z,0,0,121
2021-01-07T19:57:11Z,0,0,120
2021-01-07T19:57:12Z,0,0,120
2021-01-07T19:57:13Z,0,0,117
2021-01-07T19:57:14Z,0,0,116
2021-01-07T19:57:15Z,0,0,113
2021-01-07T19:57:16Z,0,0,111
2021-01-07T19:57:17Z,0,0,110
2021-01-07T19:57:18Z,0,0,109
2021-01-07T19:57:19Z,0,0,109
2021-01-07T19:57:20Z,0,0,110
2021-01-07T19:57:21Z,0,0,111
2021-01-07T19:57:22Z,0,0,112
2021-01-07T19:57:23Z,0,0,113
2021-01-07T19:57:24Z,0,0,114
2021-01-07T19:57:25Z,0,0,116
2021-01-07T19:57:26Z,0,0,116
2021-01-07T19:57:27Z,0,0,116
2021-01-07T19:57:28Z,0,0,116
2021-01-07T19:57:29Z,0,0,117
2021-01-07T19:57:30Z,0,0,118
2021-01-07T19:57:31Z,0,0,119
2021-01-07T19:57:32Z,0,0,121
2021-01-07T19:57:33Z,0,0,124
2021-01-07T19:57:34Z,0,0,126
2021-01-07T19:57:35Z,0,0,129
2021-01-07T19:57:36Z,0,0,131
2021-01-07T19:57:37Z,0,0,133
2021-01-07T19:57:38Z,0,0,135
2021-01-07T19:57:39Z,0,0,137
2021-01-07T19:57:40Z,0,0,140
2021-01-07T19:57:41Z,0,0,142
2021-01-07T19:57:42Z,0,0,143
2021-01-07T19:57:43Z,0,0,145
2021-01-07T19:57:44Z,0,0,146
2021-01-07T19:57:45Z,0,0,146
2021-01-07T19:57:46Z,0,0,147
2021-01-07T19:57:47Z,0,0,147
2021-01-07T19:57:48Z,0,0,148
2021-01-07T19:57:49Z,0,0,148
2021-01-07T19:57:50Z,0,0,147
2021-01-07T19:57:51Z,0,0,147
2021-01-07T19:57:52Z,0,0,147
2021-01-07T19:57:53Z,0,0,147
2021-01-07T19:57:54Z,0,0,147
2021-01-07T19:57:55Z,0,0,148
2021-01-07T19:57:56Z,0,0,148
2021-01-07T19:57:57Z,0,0,149
2021-01-07T19:57:58Z,0,0,149
2021-01-07T19:57:59Z,0,0,148
2021-01-07T19:58:00Z,0,0,148
2021-01-07T19:58:01Z,0,0,148
2021-01-07T19:58:02Z,0,0,148
2021-01-07T19:58:03Z,0,0,148
2021-01-07T19:58:04Z,0,0,149
2021-01-07T19:58:05Z,0,0,149
2021-01-07T19:58:06Z,0,0,149
2021-01-07T19:58:07Z,0,0,150
2021-01-07T19:58:08Z,0,0,150
2021-01-07T19:58:09Z,0,0,150
2021-01-07T19:58:10Z,0,0,150
2021-01-07T19:58:11Z,0,0,150
2021-01-07T19:58:12Z,0,0,149
2021-01-07T19:58:13Z,0,0,149
2021-01-07T19:58:14Z,0,0,148
2021-01-07T19:58:15Z,0,0,148
2021-01-07T19:58:16Z,0,0,147
2021-01-07T19:58:17Z,0,0,147
2021-01-07T19:58:18Z,0,0,147
2021-01-07T19:58:19Z,0,0,147
2021-01-07T19:58:20Z,0,0,147
2021-01-07T19:58:21Z,0,0,148
2021-01-07T19:58:22Z,0,0,149
2021-01-07T19:58:23Z,0,0,150
2021-01-07T19:58:24Z,0,0,150
2021-01-07T19:58:25Z,0,0,150
2021-01-07T19:58:26Z,0,0,150
2021-01-07T19:58:27Z,0,0,151
2021-01-07T19:58:28Z,0,0,151
2021-01-07T19:58:29Z,0,0,151
2021-01-07T19:58:30Z,0,0,151
2021-01-07T19:58:31Z,0,0,151
2021-01-07T19:58:32Z,0,0,151
2021-01-07T19:58:33Z,0,0,151
2021-01-07T19:58:34Z,0,0,150
2021-01-07T19:58:35Z,0,0,150
2021-01-07T19:58:36Z,0,0,150
2021-01-07T19:58:37Z,0,0,150
2021-01-07T19:58:38Z,0,0,150
2021-01-07T19:58:39Z,0,0,149
2021-01-07T19:58:40Z,0,0,149
2021-01-07T19:58:41Z,0,0,149
2021-01-07T19:58:42Z,0,0,149
2021-01-07T19:58:43Z,0,0,148
2021-01-07T19:58:44Z,0,0,148
2021-01-07T19:58:45Z,0,0,147
2021-01-07T19:58:46Z,0,0,146
2021-01-07T19:58:47Z,0,0,145
2021-01-07T19:58:48Z,0,0,145
2021-01-07T19:58:49Z,0,0,144
2021-01-07T19:58:50Z,0,0,143
2021-01-07T19:58:51Z,0,0,142
2021-01-07T19:58:52Z,0,0,142
2021-01-07T19:58:53Z,0,0,141
2021-01-07T19:58:54Z,0,0,140
2021-01-07T19:58:55Z,0,0,139
2021-01-07T19:58:56Z,0,0,139
2021-01-07T19:58:57Z,0,0,139
2021-01-07T19:58:58Z,0,0,138
2021-01-07T19:58:59Z,0,0,137
2021-01-07T19:59:00Z,0,0,136
2021-01-07T19:59:01Z,0,0,136
2021-01-07T19:59:02Z,0,0,136
2021-01-07T19:59:03Z,0,0,136
2021-01-07T19:59:04Z,0,0,133
2021-01-07T19:59:05Z,0,0,132
2021-01-07T19:59:06Z,0,0,132
2021-01-07T19:59:07Z,0,0,129
2021-01-07T19:59:08Z,0,0,126
2021-01-07T19:59:09Z,0,0,124
2021-01-07T19:59:10Z,0,0,123
2021-01-07T19:59:11Z,0,0,124
2021-01-07T19:59:12Z,0,0,125
2021-01-07T19:59:13Z,0,0,123
2021-01-07T19:59:14Z,0,0,122
2021-01-07T19:59:15Z,0,0,120
2021-01-07T19:59:16Z,0,0,117
2021-01-07T19:59:17Z,0,0,113
2021-01-07T19:59:18Z,0,0,111
2021-01-07T19:59:19Z,0,0,109
2021-01-07T19:59:20Z,0,0,110
2021-01-07T19:59:21Z,0,0,111
2021-01-07T19:59:22Z,0,0,113
2021-01-07T19:59:23Z,0,0,114
2021-01-07T19:59:24Z,0,0,116
2021-01-07T19:59:25Z,0,0,117
2021-01-07T19:59:26Z,0,0,118
2021-01-07T19:59:27Z,0,0,119
2021-01-07T19:59:28Z,0,0,119
2021-01-07T19:59:29Z,0,0,119
2021-01-07T19:59:30Z,0,0,119
2021-01-07T19:59:31Z,0,0,118
2021-01-07T19:59:32Z,0,0,117
2021-01-07T19:59:33Z,0,0,117
2021-01-07T19:59:34Z,0,0,117
2021-01-07T19:59:35Z,0,0,118
2021-01-07T19:59:36Z,0,0,120
2021-01-07T19:59:37Z,0,0,121
2021-01-07T19:59:38Z,0,0,122
2021-01-07T19:59:39Z,0,0,123
2021-01-07T19:59:40Z,0,0,122
2021-01-07T19:59:41Z,0,0,120
2021-01-07T19:59:42Z,0,0,119
2021-01-07T19:59:43Z,0,0,118
2021-01-07T19:59:44Z,0,0,116
2021-01-07T19:59:45Z,0,0,115
2021-01-07T19:59:46Z,0,0,115
2021-01-07T19:59:47Z,0,0,116
2021-01-07T19:59:48Z,0,0,117
2021-01-07T19:59:49Z,0,0,119
2021-01-07T19:59:50Z,0,0,121
2021-01-07T19:59:51Z,0,0,123
2021-01-07T19:59:52Z,0,0,125
2021-01-07T19:59:53Z,0,0,127
2021-01-07T19:59:54Z,0,0,128
2021-01-07T19:59:55Z,0,0,129
2021-01-07T19:59:56Z,0,0,130
2021-01-07T19:59:57Z,0,0,132
2021-01-07T19:59:58Z,0,0,133
2021-01-07T19:59:59Z,0,0,134
2021-01-07T20:00:00Z,0,0,135
2021-01-07T20:00:01Z,0,0,136
2021-01-07T20:00:02Z,0,0,137
2021-01-07T20:00:03Z,0,0,137
2021-01-07T20:00:04Z,0,0,137
2021-01-07T20:00:05Z,0,0,138
2021-01-07T20:00:06Z,0,0,138
2021-01-07T20:00:07Z,0,0,138
2021-01-07T20:00:08Z,0,0,137
2021-01-07T20:00:09Z,0,0,137
2021-01-07T20:00:10Z,0,0,137
2021-01-07T20:00:11Z,0,0,137
2021-01-07T20:00:12Z,0,0,136
2021-01-07T20:00:13Z,0,0,136
2021-01-07T20:00:14Z,0,0,136
2021-01-07T20:00:15Z,0,0,135
2021-01-07T20:00:16Z,0,0,135
2021-01-07T20:00:17Z,0,0,135
2021-01-07T20:00:18Z,0,0,135
2021-01-07T20:00:19Z,0,0,135
2021-01-07T20:00:20Z,0,0,135
2021-01-07T20:00:21Z,0,0,135
2021-01-07T20:00:22Z,0,0,134
2021-01-07T20:00:23Z,0,0,134
2021-01-07T20:00:24Z,0,0,133
2021-01-07T20:00:25Z,0,0,133
2021-01-07T20:00:26Z,0,0,132
2021-01-07T20:00:27Z,0,0,132
2021-01-07T20:00:28Z,0,0,132
2021-01-07T20:00:29Z,0,0,131
2021-01-07T20:00:30Z,0,0,131
2021-01-07T20:00:31Z,0,0,130
2021-01-07T20:00:32Z,0,0,130
2021-01-07T20:00:33Z,0,0,129
2021-01-07T20:00:34Z,0,0,129
2021-01-07T20:00:35Z,0,0,128
2021-01-07T20:00:36Z,0,0,127
2021-01-07T20:00:37Z,0,0,126
2021-01-07T20:00:38Z,0,0,125
2021-01-07T20:00:39Z,0,0,125
2021-01-07T20:00:40Z,0,0,126
2021-01-07T20:00:41Z,0,0,126
2021-01-07T20:00:42Z,0,0,126
2021-01-07T20:00:43Z,0,0,125
2021-01-07T20:00:44Z,0,0,124
2021-01-07T20:00:45Z,0,0,123
2021-01-07T20:00:46Z,0,0,121
2021-01-07T20:00:47Z,0,0,120
2021-01-07T20:00:48Z,0,0,120
2021-01-07T20:00:49Z,0,0,120
2021-01-07T20:00:50Z,0,0,121
2021-01-07T20:00:51Z,0,0,121
2021-01-07T20:00:52Z,0,0,122
2021-01-07T20:00:53Z,0,0,124
2021-01-07T20:00:54Z,0,0,126
2021-01-07T20:00:55Z,0,0,127
2021-01-07T20:00:56Z,0,0,128
2021-01-07T20:00:57Z,0,0,127
2021-01-07T20:00:58Z,0,0,127
2021-01-07T20:00:59Z,0,0,125
2021-01-07T20:01:00Z,0,0,121
2021-01-07T20:01:01Z,0,0,118
2021-01-07T20:01:02Z,0,0,113
2021-01-07T20:01:03Z,0,0,109
2021-01-07T20:01:04Z,0,0,108
2021-01-07T20:01:05Z,0,0,106
2021-01-07T20:01:06Z,0,0,105
2021-01-07T20:01:07Z,0,0,106
2021-01-07T20:01:08Z,0,0,107
2021-01-07T20:01:09Z,0,0,107
2021-01-07T20:01:10Z,0,0,107
2021-01-07T20:01:11Z,0,0,108
2021-01-07T20:01:12Z,0,0,108
2021-01-07T20:01:13Z,0,0,109
2021-01-07T20:01:14Z,0,0,109
2021-01-07T20:01:15Z,0,0,110
2021-01-07T20:01:16Z,0,0,110
2021-01-07T20:01:17Z,0,0,111
2021-01-07T20:01:18Z,0,0,112
2021-01-07T20:01:19Z,0,0,113
2021-01-07T20:01:20Z,0,0,114
2021-01-07T20:01:21Z,0,0,115
2021-01-07T20:01:22Z,0,0,116
2021-01-07T20:01:23Z,0,0,117
2021-01-07T20:01:24Z,0,0,119
2021-01-07T20:01:25Z,0,0,120
2021-01-07T20:01:26Z,0,0,121
2021-01-07T20:01:27Z,0,0,122
2021-01-07T20:01:28Z,0,0,123
2021-01-07T20:01:29Z,0,0,123
2021-01-07T20:01:30Z,0,0,124
2021-01-07T20:01:31Z,0,0,124
2021-01-07T20:01:32Z,0,0,124
2021-01-07T20:01:33Z,0,0,124
2021-01-07T20:01:34Z,0,0,124
2021-01-07T20:01:35Z,0,0,124
2021-01-07T20:01:36Z,0,0,124
2021-01-07T20:01:37Z,0,0,125
2021-01-07T20:01:38Z,0,0,125
2021-01-07T20:01:39Z,0,0,126
2021-01-07T20:01:40Z,0,0,126
2021-01-07T20:01:41Z,0,0,126
2021-01-07T20:01:42Z,0,0,126
2021-01-07T20:01:43Z,0,0,126
2021-01-07T20:01:44Z,0,0,126
2021-01-07T20:01:45Z,0,0,127
2021-01-07T20:01:46Z,0,0,127
2021-01-07T20:01:47Z,0,0,128
2021-01-07T20:01:48Z,0,0,128
2021-01-07T20:01:49Z,0,0,129
2021-01-07T20:01:50Z,0,0,129
2021-01-07T20:01:51Z,0,0,130
2021-01-07T20:01:52Z,0,0,130
2021-01-07T20:01:53Z,0,0,130
2021-01-07T20:01:54Z,0,0,130
2021-01-07T20:01:55Z,0,0,130
2021-01-07T20:01:56Z,0,0,129
2021-01-07T20:01:57Z,0,0,130
2021-01-07T20:01:58Z,0,0,130
2021-01-07T20:01:59Z,0,0,130
2021-01-07T20:02:00Z,0,0,131
2021-01-07T20:02:01Z,0,0,132
2021-01-07T20:02:02Z,0,0,133
2021-01-07T20:02:03Z,0,0,134
2021-01-07T20:02:04Z,0,0,134
2021-01-07T20:02:05Z,0,0,135
2021-01-07T20:02:06Z,0,0,136
2021-01-07T20:02:07Z,0,0,138
2021-01-07T20:02:08Z,0,0,139
2021-01-07T20:02:09Z,0,0,140
2021-01-07T20:02:10Z,0,0,141
2021-01-07T20:02:11Z,0,0,142
2021-01-07T20:02:12Z,0,0,144
2021-01-07T20:02:13Z,0,0,146
2021-01-07T20:02:14Z,0,0,148
2021-01-07T20:02:15Z,0,0,151
2021-01-07T20:02:16Z,0,0,154
2021-01-07T20:02:17Z,0,0,156
2021-01-07T20:02:18Z,0,0,158
2021-01-07T20:02:19Z,0,0,161
2021-01-07T20:02:20Z,0,0,162
2021-01-07T20:02:21Z,0,0,164
2021-01-07T20:02:22Z,0,0,165
2021-01-07T20:02:23Z,0,0,167
2021-01-07T20:02:24Z,0,0,168
2021-01-07T20:02:25Z,0,0,169
2021-01-07T20:02:26Z,0,0,171
2021-01-07T20:02:27Z,0,0,171
2021-01-07T20:02:28Z,0,0,172
2021-01-07T20:02:29Z,0,0,173
2021-01-07T20:02:30Z,0,0,173
2021-01-07T20:02:31Z,0,0,174
2021-01-07T20:02:32Z,0,0,174
2021-01-07T20:02:33Z,0,0,174
2021-01-07T20:02:34Z,0,0,173
2021-01-07T20:02:35Z,0,0,173
2021-01-07T20:02:36Z,0,0,173
2021-01-07T20:02:37Z,0,0,173
2021-01-07T20:02:38Z,0,0,173
2021-01-07T20:02:39Z,0,0,174
2021-01-07T20:02:40Z,0,0,173
2021-01-07T20:02:41Z,0,0,173
2021-01-07T20:02:42Z,0,0,173
2021-01-07T20:02:43Z,0,0,172
2021-01-07T20:02:44Z,0,0,172
2021-01-07T20:02:45Z,0,0,173
2021-01-07T20:02:46Z,0,0,172
2021-01-07T20:02:47Z,0,0,172
2021-01-07T20:02:48Z,0,0,171
2021-01-07T20:02:49Z,0,0,171
2021-01-07T20:02:50Z,0,0,170
2021-01-07T20:02:51Z,0,0,170
2021-01-07T20:02:52Z,0,0,169
2021-01-07T20:02:53Z,0,0,169
2021-01-07T20:02:54Z,0,0,168
2021-01-07T20:02:55Z,0,0,168
2021-01-07T20:02:56Z,0,0,168
2021-01-07T20:02:57Z,0,0,168
2021-01-07T20:02:58Z,0,0,169
2021-01-07T20:02:59Z,0,0,170
2021-01-07T20:03:00Z,0,0,170
2021-01-07T20:03:01Z,0,0,171
2021-01-07T20:03:02Z,0,0,172
2021-01-07T20:03:03Z,0,0,172
2021-01-07T20:03:04Z,0,0,172
2021-01-07T20:03:05Z,0,0,172
2021-01-07T20:03:06Z,0,0,173
2021-01-07T20:03:07Z,0,0,173
2021-01-07T20:03:08Z,0,0,173
2021-01-07T20:03:09Z,0,0,173
2021-01-07T20:03:10Z,0,0,173
2021-01-07T20:03:11Z,0,0,173
2021-01-07T20:03:12Z,0,0,173
2021-01-07T20:03:13Z,0,0,172
2021-01-07T20:03:14Z,0,0,172
2021-01-07T20:03:15Z,0,0,171
2021-01-07T20:03:16Z,0,0,171
2021-01-07T20:03:17Z,0,0,171
2021-01-07T20:03:18Z,0,0,171
2021-01-07T20:03:19Z,0,0,170
2021-01-07T20:03:20Z,0,0,170
2021-01-07T20:03:21Z,0,0,170
2021-01-07T20:03:22Z,0,0,169
2021-01-07T20:03:23Z,0,0,169
2021-01-07T20:03:24Z,0,0,168
2021-01-07T20:03:25Z,0,0,167
2021-01-07T20:03:26Z,0,0,166
2021-01-07T20:03:27Z,0,0,165
2021-01-07T20:03:28Z,0,0,165
2021-01-07T20:03:29Z,0,0,165
2021-01-07T20:03:30Z,0,0,165
2021-01-07T20:03:31Z,0,0,164
2021-01-07T20:03:32Z,0,0,164
2021-01-07T20:03:33Z,0,0,164
2021-01-07T20:03:34Z,0,0,163
2021-01-07T20:03:35Z,0,0,163
2021-01-07T20:03:36Z,0,0,163
2021-01-07T20:03:37Z,0,0,163
2021-01-07T20:03:38Z,0,0,163
2021-01-07T20:03:39Z,0,0,164
2021-01-07T20:03:40Z,0,0,164
2021-01-07T20:03:41Z,0,0,164
2021-01-07T20:03:42Z,0,0,163
2021-01-07T20:03:43Z,0,0,163
2021-01-07T20:03:44Z,0,0,162
2021-01-07T20:03:45Z,0,0,162
2021-01-07T20:03:46Z,0,0,161
2021-01-07T20:03:47Z,0,0,160
2021-01-07T20:03:48Z,0,0,159
2021-01-07T20:03:49Z,0,0,159
2021-01-07T20:03:50Z,0,0,159
2021-01-07T20:03:51Z,0,0,158
2021-01-07T20:03:52Z,0,0,158
2021-01-07T20:03:53Z,0,0,157
2021-01-07T20:03:54Z,0,0,156
2021-01-07T20:03:55Z,0,0,155
2021-01-07T20:03:56Z,0,0,154
2021-01-07T20:03:57Z,0,0,154
2021-01-07T20:03:58Z,0,0,154
2021-01-07T20:03:59Z,0,0,155
2021-01-07T20:04:00Z,0,0,156
2021-01-07T20:04:01Z,0,0,157
2021-01-07T20:04:02Z,0,0,157
2021-01-07T20:04:03Z,0,0,157
2021-01-07T20:04:04Z,0,0,157
2021-01-07T20:04:05Z,0,0,157
2021-01-07T20:04:06Z,0,0,156
2021-01-07T20:04:07Z,0,0,155
2021-01-07T20:04:08Z,0,0,155
2021-01-07T20:04:09Z,0,0,154
2021-01-07T20:04:10Z,0,0,153
2021-01-07T20:04:11Z,0,0,153
2021-01-07T20:04:12Z,0,0,153
2021-01-07T20:04:13Z,0,0,153
2021-01-07T20:04:14Z,0,0,153
2021-01-07T20:04:15Z,0,0,153
2021-01-07T20:04:16Z,0,0,152
2021-01-07T20:04:17Z,0,0,152
2021-01-07T20:04:18Z,0,0,152
2021-01-07T20:04:19Z,0,0,152
2021-01-07T20:04:20Z,0,0,152
2021-01-07T20:04:21Z,0,0,152
2021-01-07T20:04:22Z,0,0,151
2021-01-07T20:04:23Z,0,0,151
2021-01-07T20:04:24Z,0,0,151
2021-01-07T20:04:25Z,0,0,151
2021-01-07T20:04:26Z,0,0,152
2021-01-07T20:04:27Z,0,0,153
2021-01-07T20:04:28Z,0,0,153
2021-01-07T20:04:29Z,0,0,153
2021-01-07T20:04:30Z,0,0,153
2021-01-07T20:04:31Z,0,0,152
2021-01-07T20:04:32Z,0,0,152
2021-01-07T20:04:33Z,0,0,152
2021-01-07T20:04:34Z,0,0,152
2021-01-07T20:04:35Z,0,0,152
2021-01-07T20:04:36Z,0,0,152
2021-01-07T20:04:37Z,0,0,152
2021-01-07T20:04:38Z,0,0,151
2021-01-07T20:04:39Z,0,0,151
2021-01-07T20:04:40Z,0,0,151
2021-01-07T20:04:41Z,0,0,151
2021-01-07T20:04:42Z,0,0,150
2021-01-07T20:04:43Z,0,0,150
2021-01-07T20:04:44Z,0,0,150
2021-01-07T20:04:45Z,0,0,149
2021-01-07T20:04:46Z,0,0,148
2021-01-07T20:04:47Z,0,0,147
2021-01-07T20:04:48Z,0,0,147
2021-01-07T20:04:49Z,0,0,148
2021-01-07T20:04:50Z,0,0,148
2021-01-07T20:04:51Z,0,0,149
2021-01-07T20:04:52Z,0,0,149
2021-01-07T20:04:53Z,0,0,150
2021-01-07T20:04:54Z,0,0,149
2021-01-07T20:04:55Z,0,0,149
2021-01-07T20:04:56Z,0,0,148
2021-01-07T20:04:57Z,0,0,147
2021-01-07T20:04:58Z,0,0,147
2021-01-07T20:04:59Z,0,0,146
2021-01-07T20:05:00Z,0,0,145
2021-01-07T20:05:01Z,0,0,144
2021-01-07T20:05:02Z,0,0,144
2021-01-07T20:05:03Z,0,0,143
2021-01-07T20:05:04Z,0,0,142
2021-01-07T20:05:05Z,0,0,142
2021-01-07T20:05:06Z,0,0,142
2021-01-07T20:05:07Z,0,0,143
2021-01-07T20:05:08Z,0,0,144
2021-01-07T20:05:09Z,0,0,145
2021-01-07T20:05:10Z,0,0,145
2021-01-07T20:05:11Z,0,0,145
2021-01-07T20:05:12Z,0,0,145
2021-01-07T20:05:13Z,0,0,144
2021-01-07T20:05:14Z,0,0,142
2021-01-07T20:05:15Z,0,0,140
2021-01-07T20:05:16Z,0,0,138
2021-01-07T20:05:17Z,0,0,136
2021-01-07T20:05:18Z,0,0,133
2021-01-07T20:05:19Z,0,0,131
2021-01-07T20:05:20Z,0,0,130
2021-01-07T20:05:21Z,0,0,131
2021-01-07T20:05:22Z,0,0,132
2021-01-07T20:05:23Z,0,0,134
2021-01-07T20:05:24Z,0,0,136
2021-01-07T20:05:25Z,0,0,138
2021-01-07T20:05:26Z,0,0,140
2021-01-07T20:05:27Z,0,0,141
2021-01-07T20:05:28Z,0,0,143
2021-01-07T20:05:29Z,0,0,144
2021-01-07T20:05:30Z,0,0,146
2021-01-07T20:05:31Z,0,0,148
2021-01-07T20:05:32Z,0,0,150
2021-01-07T20:05:33Z,0,0,151
2021-01-07T20:05:34Z,0,0,152
2021-01-07T20:05:35Z,0,0,153
2021-01-07T20:05:36Z,0,0,154
2021-01-07T20:05:37Z,0,0,155
2021-01-07T20:05:38Z,0,0,156
2021-01-07T20:05:39Z,0,0,156
2021-01-07T20:05:40Z,0,0,156
2021-01-07T20:05:41Z,0,0,156
2021-01-07T20:05:42Z,0,0,157
2021-01-07T20:05:43Z,0,0,158
2021-01-07T20:05:44Z,0,0,157
2021-01-07T20:05:45Z,0,0,156
2021-01-07T20:05:46Z,0,0,153
2021-01-07T20:05:47Z,0,0,151
2021-01-07T20:05:48Z,0,0,150
2021-01-07T20:05:49Z,0,0,151
2021-01-07T20:05:50Z,0,0,152
2021-01-07T20:05:51Z,0,0,153
2021-01-07T20:05:52Z,0,0,153
2021-01-07T20:05:53Z,0,0,153
2021-01-07T20:05:54Z,0,0,153
2021-01-07T20:05:55Z,0,0,153
2021-01-07T20:05:56Z,0,0,153
2021-01-07T20:05:57Z,0,0,154
2021-01-07T20:05:58Z,0,0,154
2021-01-07T20:05:59Z,0,0,154
2021-01-07T20:06:00Z,0,0,155
2021-01-07T20:06:01Z,0,0,155
2021-01-07T20:06:02Z,0,0,155
2021-01-07T20:06:03Z,0,0,154
2021-01-07T20:06:04Z,0,0,153
2021-01-07T20:06:05Z,0,0,153
2021-01-07T20:06:06Z,0,0,152
2021-01-07T20:06:07Z,0,0,151
2021-01-07T20:06:08Z,0,0,151
2021-01-07T20:06:09Z,0,0,150
2021-01-07T20:06:10Z,0,0,150
2021-01-07T20:06:11Z,0,0,149
2021-01-07T20:06:12Z,0,0,149
2021-01-07T20:06:13Z,0,0,149
2021-01-07T20:06:14Z,0,0,150
2021-01-07T20:06:15Z,0,0,150
2021-01-07T20:06:16Z,0,0,151
2021-01-07T20:06:17Z,0,0,152
2021-01-07T20:06:18Z,0,0,152
2021-01-07T20:06:19Z,0,0,153
2021-01-07T20:06:20Z,0,0,153
2021-01-07T20:06:21Z,0,0,153
2021-01-07T20:06:22Z,0,0,153
2021-01-07T20:06:23Z,0,0,153
2021-01-07T20:06:24Z,0,0,153
2021-01-07T20:06:25Z,0,0,153
2021-01-07T20:06:26Z,0,0,153
2021-01-07T20:06:27Z,0,0,152
2021-01-07T20:06:28Z,0,0,152
2021-01-07T20:06:29Z,0,0,152
2021-01-07T20:06:30Z,0,0,151
2021-01-07T20:06:31Z,0,0,150
2021-01-07T20:06:32Z,0,0,150
2021-01-07T20:06:33Z,0,0,150
2021-01-07T20:06:34Z,0,0,149
2021-01-07T20:06:35Z,0,0,149
2021-01-07T20:06:36Z,0,0,149
2021-01-07T20:06:37Z,0,0,149
2021-01-07T20:06:38Z,0,0,148
2021-01-07T20:06:39Z,0,0,148
2021-01-07T20:06:40Z,0,0,149
2021-01-07T20:06:41Z,0,0,149
2021-01-07T20:06:42Z,0,0,149
2021-01-07T20:06:43Z,0,0,149
2021-01-07T20:06:44Z,0,0,149
2021-01-07T20:06:45Z,0,0,149
2021-01-07T20:06:46Z,0,0,149
2021-01-07T20:06:47Z,0,0,148
2021-01-07T20:06:48Z,0,0,148
2021-01-07T20:06:49Z,0,0,147
2021-01-07T20:06:50Z,0,0,146
2021-01-07T20:06:51Z,0,0,145
2021-01-07T20:06:52Z,0,0,144
2021-01-07T20:06:53Z,0,0,143
2021-01-07T20:06:54Z,0,0,143
2021-01-07T20:06:55Z,0,0,142
2021-01-07T20:06:56Z,0,0,141
2021-01-07T20:06:57Z,0,0,141
2021-01-07T20:06:58Z,0,0,141
2021-01-07T20:06:59Z,0,0,142
2021-01-07T20:07:00Z,0,0,142
2021-01-07T20:07:01Z,0,0,142
2021-01-07T20:07:02Z,0,0,142
2021-01-07T20:07:03Z,0,0,141
2021-01-07T20:07:04Z,0,0,141
2021-01-07T20:07:05Z,0,0,140
2021-01-07T20:07:06Z,0,0,139
2021-01-07T20:07:07Z,0,0,139
2021-01-07T20:07:08Z,0,0,138
2021-01-07T20:07:09Z,0,0,138
2021-01-07T20:07:10Z,0,0,138
2021-01-07T20:07:11Z,0,0,138
2021-01-07T20:07:12Z,0,0,139
2021-01-07T20:07:13Z,0,0,138
2021-01-07T20:07:14Z,0,0,137
2021-01-07T20:07:15Z,0,0,134
2021-01-07T20:07:16Z,0,0,132
2021-01-07T20:07:17Z,0,0,131
2021-01-07T20:07:18Z,0,0,131
2021-01-07T20:07:19Z,0,0,132
2021-01-07T20:07:20Z,0,0,133
2021-01-07T20:07:21Z,0,0,134
2021-01-07T20:07:22Z,0,0,133
2021-01-07T20:07:23Z,0,0,133
2021-01-07T20:07:24Z,0,0,132
2021-01-07T20:07:25Z,0,0,132
2021-01-07T20:07:26Z,0,0,132
2021-01-07T20:07:27Z,0,0,131
2021-01-07T20:07:28Z,0,0,131
2021-01-07T20:07:29Z,0,0,131
2021-01-07T20:07:30Z,0,0,130
2021-01-07T20:07:31Z,0,0,129
2021-01-07T20:07:32Z,0,0,128
2021-01-07T20:07:33Z,0,0,126
2021-01-07T20:07:34Z,0,0,125
2021-01-07T20:07:35Z,0,0,124
2021-01-07T20:07:36Z,0,0,123
2021-01-07T20:07:37Z,0,0,122
2021-01-07T20:07:38Z,0,0,122
2021-01-07T20:07:39Z,0,0,122
2021-01-07T20:07:40Z,0,0,123
2021-01-07T20:07:41Z,0,0,123
2021-01-07T20:07:42Z,0,0,124
2021-01-07T20:07:43Z,0,0,124
2021-01-07T20:07:44Z,0,0,124
2021-01-07T20:07:45Z,0,0,124
2021-01-07T20:07:46Z,0,0,124
2021-01-07T20:07:47Z,0,0,125
2021-01-07T20:07:48Z,0,0,125
2021-01-07T20:07:49Z,0,0,126
2021-01-07T20:07:50Z,0,0,126
2021-01-07T20:07:51Z,0,0,127
2021-01-07T20:07:52Z,0,0,127
2021-01-07T20:07:53Z,0,0,128
2021-01-07T20:07:54Z,0,0,128
2021-01-07T20:07:55Z,0,0,128
2021-01-07T20:07:56Z,0,0,129
2021-01-07T20:07:57Z,0,0,130
2021-01-07T20:07:58Z,0,0,131
2021-01-07T20:07:59Z,0,0,132
2021-01-07T20:08:00Z,0,0,134
2021-01-07T20:08:01Z,0,0,135
2021-01-07T20:08:02Z,0,0,135
2021-01-07T20:08:03Z,0,0,135
2021-01-07T20:08:04Z,0,0,135
2021-01-07T20:08:05Z,0,0,134
2021-01-07T20:08:06Z,0,0,134
2021-01-07T20:08:07Z,0,0,134
2021-01-07T20:08:08Z,0,0,134
2021-01-07T20:08:09Z,0,0,134
2021-01-07T20:08:10Z,0,0,134
2021-01-07T20:08:11Z,0,0,135
2021-01-07T20:08:12Z,0,0,136
2021-01-07T20:08:13Z,0,0,137
2021-01-07T20:08:14Z,0,0,137
2021-01-07T20:08:15Z,0,0,138
2021-01-07T20:08:16Z,0,0,139
2021-01-07T20:08:17Z,0,0,140
2021-01-07T20:08:18Z,0,0,141
2021-01-07T20:08:19Z,0,0,143
2021-01-07T20:08:20Z,0,0,145
2021-01-07T20:08:21Z,0,0,147
2021-01-07T20:08:22Z,0,0,149
2021-01-07T20:08:23Z,0,0,151
2021-01-07T20:08:24Z,0,0,152
2021-01-07T20:08:25Z,0,0,152
2021-01-07T20:08:26Z,0,0,152
2021-01-07T20:08:27Z,0,0,152
2021-01-07T20:08:28Z,0,0,153
2021-01-07T20:08:29Z,0,0,155
2021-01-07T20:08:30Z,0,0,157
2021-01-07T20:08:31Z,0,0,158
2021-01-07T20:08:32Z,0,0,159
2021-01-07T20:08:33Z,0,0,159
2021-01-07T20:08:34Z,0,0,160
2021-01-07T20:08:35Z,0,0,161
2021-01-07T20:08:36Z,0,0,161
2021-01-07T20:08:37Z,0,0,161
2021-01-07T20:08:38Z,0,0,161
2021-01-07T20:08:39Z,0,0,161
2021-01-07T20:08:40Z,0,0,162
2021-01-07T20:08:41Z,0,0,162
2021-01-07T20:08:42Z,0,0,161
2021-01-07T20:08:43Z,0,0,161
2021-01-07T20:08:44Z,0,0,160
2021-01-07T20:08:45Z,0,0,158
2021-01-07T20:08:46Z,0,0,157
2021-01-07T20:08:47Z,0,0,157
2021-01-07T20:08:48Z,0,0,157
2021-01-07T20:08:49Z,0,0,157
2021-01-07T20:08:50Z,0,0,157
2021-01-07T20:08:51Z,0,0,157
2021-01-07T20:08:52Z,0,0,157
2021-01-07T20:08:53Z,0,0,156
2021-01-07T20:08:54Z,0,0,156
2021-01-07T20:08:55Z,0,0,156
2021-01-07T20:08:56Z,0,0,156
2021-01-07T20:08:57Z,0,0,156
2021-01-07T20:08:58Z,0,0,156
2021-01-07T20:08:59Z,0,0,156
2021-01-07T20:09:00Z,0,0,156
2021-01-07T20:09:01Z,0,0,156
2021-01-07T20:09:02Z,0,0,156
2021-01-07T20:09:03Z,0,0,156
2021-01-07T20:09:04Z,0,0,156
2021-01-07T20:09:05Z,0,0,156
2021-01-07T20:09:06Z,0,0,155
2021-01-07T20:09:07Z,0,0,155
2021-01-07T20:09:08Z,0,0,155
2021-01-07T20:09:09Z,0,0,155
2021-01-07T20:09:10Z,0,0,154
2021-01-07T20:09:11Z,0,0,154
2021-01-07T20:09:12Z,0,0,0
2021-01-07T20:09:13Z,0,0,0
2021-01-07T20:09:14Z,0,0,0
2021-01-07T20:09:15Z,0,0,0
2021-01-07T20:09:16Z,0,0,0
2021-01-07T20:09:17Z,0,0,0
2021-01-07T20:09:18Z,0,0,0
2021-01-07T20:09:19Z,0,0,0
2021-01-07T20:09:20Z,0,0,0
2021-01-07T20:09:21Z,0,0,0
2021-01-07T20:09:22Z,0,0,0
2021-01-07T20:09:23Z,0,0,0
2021-01-07T20:09:24Z,0,0,0
2021-01-07T20:09:25Z,0,0,0
2021-01-07T20:09:26Z,0,0,0
2021-01-07T20:09:27Z,0,0,0
2021-01-07T20:09:28Z,0,0,0
2021-01-07T20:09:29Z,0,0,0
2021-01-07T20:09:30Z,0,0,0
2021-01-07T20:09:31Z,0,0,0
2021-01-07T20:09:32Z,0,0,144
2021-01-07T20:09:33Z,0,0,142
2021-01-07T20:09:34Z,0,0,141
2021-01-07T20:09:35Z,0,0,140
2021-01-07T20:09:36Z,0,0,139
2021-01-07T20:09:37Z,0,0,139
2021-01-07T20:09:38Z,0,0,139
2021-01-07T20:09:39Z,0,0,139
2021-01-07T20:09:40Z,0,0,139
2021-01-07T20:09:41Z,0,0,139
2021-01-07T20:09:42Z,0,0,139
2021-01-07T20:09:43Z,0,0,139
2021-01-07T20:09:44Z,0,0,140
2021-01-07T20:09:45Z,0,0,140
2021-01-07T20:09:46Z,0,0,140
2021-01-07T20:09:47Z,0,0,140
2021-01-07T20:09:48Z,0,0,140
2021-01-07T20:09:49Z,0,0,140
2021-01-07T20:09:50Z,0,0,141
2021-01-07T20:09:51Z,0,0,141
2021-01-07T20:09:52Z,0,0,140
2021-01-07T20:09:53Z,0,0,140
2021-01-07T20:09:54Z,0,0,140
2021-01-07T20:09:55Z,0,0,140
2021-01-07T20:09:56Z,0,0,140
2021-01-07T20:09:57Z,0,0,140
2021-01-07T20:09:58Z,0,0,141
2021-01-07T20:09:59Z,0,0,141
2021-01-07T20:10:00Z,0,0,142
2021-01-07T20:10:01Z,0,0,142
2021-01-07T20:10:02Z,0,0,142
2021-01-07T20:10:03Z,0,0,142
2021-01-07T20:10:04Z,0,0,143
2021-01-07T20:10:05Z,0,0,143
2021-01-07T20:10:06Z,0,0,144
2021-01-07T20:10:07Z,0,0,144
2021-01-07T20:10:08Z,0,0,144
2021-01-07T20:10:09Z,0,0,144
2021-01-07T20:10:10Z,0,0,144
2021-01-07T20:10:11Z,0,0,143
2021-01-07T20:10:12Z,0,0,142
2021-01-07T20:10:13Z,0,0,141
2021-01-07T20:10:14Z,0,0,141
2021-01-07T20:10:15Z,0,0,141
2021-01-07T20:10:16Z,0,0,142
2021-01-07T20:10:17Z,0,0,142
2021-01-07T20:10:18Z,0,0,143
2021-01-07T20:10:19Z,0,0,144
2021-01-07T20:10:20Z,0,0,144
2021-01-07T20:10:21Z,0,0,144
2021-01-07T20:10:22Z,0,0,145
2021-01-07T20:10:23Z,0,0,144
2021-01-07T20:10:24Z,0,0,144
2021-01-07T20:10:25Z,0,0,144
2021-01-07T20:10:26Z,0,0,144
2021-01-07T20:10:27Z,0,0,144
2021-01-07T20:10:28Z,0,0,144
2021-01-07T20:10:29Z,0,0,144
2021-01-07T20:10:30Z,0,0,144
2021-01-07T20:10:31Z,0,0,143
2021-01-07T20:10:32Z,0,0,143
2021-01-07T20:10:33Z,0,0,143
2021-01-07T20:10:34Z,0,0,143
2021-01-07T20:10:35Z,0,0,142
2021-01-07T20:10:36Z,0,0,141
2021-01-07T20:10:37Z,0,0,140
2021-01-07T20:10:38Z,0,0,139
2021-01-07T20:10:39Z,0,0,138
2021-01-07T20:10:40Z,0,0,137
2021-01-07T20:10:41Z,0,0,137
2021-01-07T20:10:42Z,0,0,137
2021-01-07T20:10:43Z,0,0,138
2021-01-07T20:10:44Z,0,0,138
2021-01-07T20:10:45Z,0,0,137
2021-01-07T20:10:46Z,0,0,137
2021-01-07T20:10:47Z,0,0,136
2021-01-07T20:10:48Z,0,0,135
2021-01-07T20:10:49Z,0,0,135
2021-01-07T20:10:50Z,0,0,134
2021-01-07T20:10:51Z,0,0,134
2021-01-07T20:10:52Z,0,0,133
2021-01-07T20:10:53Z,0,0,133
2021-01-07T20:10:54Z,0,0,133
2021-01-07T20:10:55Z,0,0,133
2021-01-07T20:10:56Z,0,0,134
2021-01-07T20:10:57Z,0,0,134
2021-01-07T20:10:58Z,0,0,134
2021-01-07T20:10:59Z,0,0,134
2021-01-07T20:11:00Z,0,0,134
2021-01-07T20:11:01Z,0,0,133
2021-01-07T20:11:02Z,0,0,133
2021-01-07T20:11:03Z,0,0,133
2021-01-07T20:11:04Z,0,0,133
2021-01-07T20:11:05Z,0,0,132
2021-01-07T20:11:06Z,0,0,132
2021-01-07T20:11:07Z,0,0,131
2021-01-07T20:11:08Z,0,0,131
2021-01-07T20:11:09Z,0,0,130
2021-01-07T20:11:10Z,0,0,130
2021-01-07T20:11:11Z,0,0,130
2021-01-07T20:11:12Z,0,0,129
2021-01-07T20:11:13Z,0,0,129
2021-01-07T20:11:14Z,0,0,128
2021-01-07T20:11:15Z,0,0,127
2021-01-07T20:11:16Z,0,0,126
2021-01-07T20:11:17Z,0,0,125
2021-01-07T20:11:18Z,0,0,124
2021-01-07T20:11:19Z,0,0,123
2021-01-07T20:11:20Z,0,0,123
2021-01-07T20:11:21Z,0,0,123
2021-01-07T20:11:22Z,0,0,123
2021-01-07T20:11:23Z,0,0,123
2021-01-07T20:11:24Z,0,0,123
2021-01-07T20:11:25Z,0,0,123
2021-01-07T20:11:26Z,0,0,123
2021-01-07T20:11:27Z,0,0,123
2021-01-07T20:11:28Z,0,0,123
2021-01-07T20:11:29Z,0,0,123
2021-01-07T20:11:30Z,0,0,123
2021-01-07T20:11:31Z,0,0,123
2021-01-07T20:11:32Z,0,0,123
2021-01-07T20:11:33Z,0,0,124
2021-01-07T20:11:34Z,0,0,124
2021-01-07T20:11:35Z,0,0,125
2021-01-07T20:11:36Z,0,0,126
2021-01-07T20:11:37Z,0,0,125
2021-01-07T20:11:38Z,0,0,125
2021-01-07T20:11:39Z,0,0,124
2021-01-07T20:11:40Z,0,0,123
2021-01-07T20:11:41Z,0,0,122
2021-01-07T20:11:42Z,0,0,122
2021-01-07T20:11:43Z,0,0,121
2021-01-07T20:11:44Z,0,0,120
2021-01-07T20:11:45Z,0,0,120
2021-01-07T20:11:46Z,0,0,120
2021-01-07T20:11:47Z,0,0,120
2021-01-07T20:11:48Z,0,0,121
2021-01-07T20:11:49Z,0,0,121
2021-01-07T20:11:50Z,0,0,121
2021-01-07T20:11:51Z,0,0,122
2021-01-07T20:11:52Z,0,0,123
2021-01-07T20:11:53Z,0,0,122
2021-01-07T20:11:54Z,0,0,122
2021-01-07T20:11:55Z,0,0,121
2021-01-07T20:11:56Z,0,0,119
2021-01-07T20:11:57Z,0,0,117
2021-01-07T20:11:58Z,0,0,115
2021-01-07T20:11:59Z,0,0,116
2021-01-07T20:12:00Z,0,0,117
2021-01-07T20:12:01Z,0,0,118
2021-01-07T20:12:02Z,0,0,120
2021-01-07T20:12:03Z,0,0,122
2021-01-07T20:12:04Z,0,0,123
2021-01-07T20:12:05Z,0,0,125
2021-01-07T20:12:06Z,0,0,126
2021-01-07T20:12:07Z,0,0,128
2021-01-07T20:12:08Z,0,0,128
2021-01-07T20:12:09Z,0,0,128
2021-01-07T20:12:10Z,0,0,128
2021-01-07T20:12:11Z,0,0,128
2021-01-07T20:12:12Z,0,0,129
2021-01-07T20:12:13Z,0,0,132
2021-01-07T20:12:14Z,0,0,134
2021-01-07T20:12:15Z,0,0,137
2021-01-07T20:12:16Z,0,0,139
2021-01-07T20:12:17Z,0,0,141
2021-01-07T20:12:18Z,0,0,142
2021-01-07T20:12:19Z,0,0,142
2021-01-07T20:12:20Z,0,0,142
2021-01-07T20:12:21Z,0,0,142
2021-01-07T20:12:22Z,0,0,142
2021-01-07T20:12:23Z,0,0,143
2021-01-07T20:12:24Z,0,0,143
2021-01-07T20:12:25Z,0,0,142
2021-01-07T20:12:26Z,0,0,143
2021-01-07T20:12:27Z,0,0,143
2021-01-07T20:12:28Z,0,0,144
2021-01-07T20:12:29Z,0,0,144
2021-01-07T20:12:30Z,0,0,144
2021-01-07T20:12:31Z,0,0,144
2021-01-07T20:12:32Z,0,0,144
2021-01-07T20:12:33Z,0,0,144
2021-01-07T20:12:34Z,0,0,144
2021-01-07T20:12:35Z,0,0,144
2021-01-07T20:12:36Z,0,0,144
2021-01-07T20:12:37Z,0,0,144
2021-01-07T20:12:38Z,0,0,144
2021-01-07T20:12:39Z,0,0,144
2021-01-07T20:12:40Z,0,0,144
2021-01-07T20:12:41Z,0,0,144
2021-01-07T20:12:42Z,0,0,144
2021-01-07T20:12:43Z,0,0,145
2021-01-07T20:12:44Z,0,0,146
2021-01-07T20:12:45Z,0,0,146
2021-01-07T20:12:46Z,0,0,146
2021-01-07T20:12:47Z,0,0,145
2021-01-07T20:12:48Z,0,0,145
2021-01-07T20:12:49Z,0,0,145
2021-01-07T20:12:50Z,0,0,145
2021-01-07T20:12:51Z,0,0,146
2021-01-07T20:12:52Z,0,0,146
2021-01-07T20:12:53Z,0,0,147
2021-01-07T20:12:54Z,0,0,147
2021-01-07T20:12:55Z,0,0,147
2021-01-07T20:12:56Z,0,0,147
2021-01-07T20:12:57Z,0,0,147
2021-01-07T20:12:58Z,0,0,147
2021-01-07T20:12:59Z,0,0,146
2021-01-07T20:13:00Z,0,0,146
2021-01-07T20:13:01Z,0,0,145
2021-01-07T20:13:02Z,0,0,144
2021-01-07T20:13:03Z,0,0,144
2021-01-07T20:13:04Z,0,0,143
2021-01-07T20:13:05Z,0,0,142
2021-01-07T20:13:06Z,0,0,142
2021-01-07T20:13:07Z,0,0,142
2021-01-07T20:13:08Z,0,0,143
2021-01-07T20:13:09Z,0,0,143
2021-01-07T20:13:10Z,0,0,143
2021-01-07T20:13:11Z,0,0,143
2021-01-07T20:13:12Z,0,0,142
2021-01-07T20:13:13Z,0,0,142
2021-01-07T20:13:14Z,0,0,140
2021-01-07T20:13:15Z,0,0,139
2021-01-07T20:13:16Z,0,0,138
2021-01-07T20:13:17Z,0,0,137
2021-01-07T20:13:18Z,0,0,136
2021-01-07T20:13:19Z,0,0,135
2021-01-07T20:13:20Z,0,0,134
2021-01-07T20:13:21Z,0,0,132
2021-01-07T20:13:22Z,0,0,131
2021-01-07T20:13:23Z,0,0,129
2021-01-07T20:13:24Z,0,0,127
2021-01-07T20:13:25Z,0,0,126
2021-01-07T20:13:26Z,0,0,124
2021-01-07T20:13:27Z,0,0,123
2021-01-07T20:13:28Z,0,0,123
2021-01-07T20:13:29Z,0,0,122
2021-01-07T20:13:30Z,0,0,122
2021-01-07T20:13:31Z,0,0,121
2021-01-07T20:13:32Z,0,0,120
2021-01-07T20:13:33Z,0,0,120
2021-01-07T20:13:34Z,0,0,121
2021-01-07T20:13:35Z,0,0,122
2021-01-07T20:13:36Z,0,0,123
2021-01-07T20:13:37Z,0,0,124
2021-01-07T20:13:38Z,0,0,125
2021-01-07T20:13:39Z,0,0,125
2021-01-07T20:13:40Z,0,0,126
2021-01-07T20:13:41Z,0,0,126
2021-01-07T20:13:42Z,0,0,125
2021-01-07T20:13:43Z,0,0,125
2021-01-07T20:13:44Z,0,0,125
2021-01-07T20:13:45Z,0,0,125
2021-01-07T20:13:46Z,0,0,125
2021-01-07T20:13:47Z,0,0,126
2021-01-07T20:13:48Z,0,0,127
2021-01-07T20:13:49Z,0,0,127
2021-01-07T20:13:50Z,0,0,128
2021-01-07T20:13:51Z,0,0,128
2021-01-07T20:13:52Z,0,0,129
2021-01-07T20:13:53Z,0,0,129
2021-01-07T20:13:54Z,0,0,129
2021-01-07T20:13:55Z,0,0,129
2021-01-07T20:13:56Z,0,0,130
2021-01-07T20:13:57Z,0,0,130
2021-01-07T20:13:58Z,0,0,131
2021-01-07T20:13:59Z,0,0,131
2021-01-07T20:14:00Z,0,0,131
2021-01-07T20:14:01Z,0,0,131
2021-01-07T20:14:02Z,0,0,131
2021-01-07T20:14:03Z,0,0,132
2021-01-07T20:14:04Z,0,0,132
2021-01-07T20:14:05Z,0,0,132
2021-01-07T20:14:06Z,0,0,132
2021-01-07T20:14:07Z,0,0,131
2021-01-07T20:14:08Z,0,0,129
2021-01-07T20:14:09Z,0,0,128
2021-01-07T20:14:10Z,0,0,127
2021-01-07T20:14:11Z,0,0,126
2021-01-07T20:14:12Z,0,0,126
2021-01-07T20:14:13Z,0,0,126
2021-01-07T20:14:14Z,0,0,127
2021-01-07T20:14:15Z,0,0,127
2021-01-07T20:14:16Z,0,0,127
2021-01-07T20:14:17Z,0,0,127
2021-01-07T20:14:18Z,0,0,127
2021-01-07T20:14:19Z,0,0,127
2021-01-07T20:14:20Z,0,0,127
2021-01-07T20:14:21Z,0,0,126
2021-01-07T20:14:22Z,0,0,126
2021-01-07T20:14:23Z,0,0,125
2021-01-07T20:14:24Z,0,0,125
2021-01-07T20:14:25Z,0,0,124
2021-01-07T20:14:26Z,0,0,124
2021-01-07T20:14:27Z,0,0,124
2021-01-07T20:14:28Z,0,0,124
2021-01-07T20:14:29Z,0,0,124
2021-01-07T20:14:30Z,0,0,124
2021-01-07T20:14:31Z,0,0,124
2021-01-07T20:14:32Z,0,0,124
2021-01-07T20:14:33Z,0,0,124
2021-01-07T20:14:34Z,0,0,125
2021-01-07T20:14:35Z,0,0,125
2021-01-07T20:14:36Z,0,0,124
2021-01-07T20:14:37Z,0,0,124
2021-01-07T20:14:38Z,0,0,124
2021-01-07T20:14:39Z,0,0,123
2021-01-07T20:14:40Z,0,0,122
2021-01-07T20:14:41Z,0,0,120
2021-01-07T20:14:42Z,0,0,119
2021-01-07T20:14:43Z,0,0,118
2021-01-07T20:14:44Z,0,0,117
2021-01-07T20:14:45Z,0,0,117
2021-01-07T20:14:46Z,0,0,116
2021-01-07T20:14:47Z,0,0,117
2021-01-07T20:14:48Z,0,0,117
2021-01-07T20:14:49Z,0,0,118
2021-01-07T20:14:50Z,0,0,118
2021-01-07T20:14:51Z,0,0,119
2021-01-07T20:14:52Z,0,0,120
2021-01-07T20:14:53Z,0,0,121
2021-01-07T20:14:54Z,0,0,121
2021-01-07T20:14:55Z,0,0,120
2021-01-07T20:14:56Z,0,0,120
2021-01-07T20:14:57Z,0,0,120
2021-01-07T20:14:58Z,0,0,120
2021-01-07T20:14:59Z,0,0,120
2021-01-07T20:15:00Z,0,0,121
2021-01-07T20:15:01Z,0,0,121
2021-01-07T20:15:02Z,0,0,122
2021-01-07T20:15:03Z,0,0,123
2021-01-07T20:15:04Z,0,0,123
2021-01-07T20:15:05Z,0,0,123
2021-01-07T20:15:06Z,0,0,123
2021-01-07T20:15:07Z,0,0,123
2021-01-07T20:15:08Z,0,0,124
2021-01-07T20:15:09Z,0,0,124
2021-01-07T20:15:10Z,0,0,125
2021-01-07T20:15:11Z,0,0,126
2021-01-07T20:15:12Z,0,0,127
2021-01-07T20:15:13Z,0,0,127
2021-01-07T20:15:14Z,0,0,126
2021-01-07T20:15:15Z,0,0,126
2021-01-07T20:15:16Z,0,0,126
2021-01-07T20:15:17Z,0,0,126
2021-01-07T20:15:18Z,0,0,126
2021-01-07T20:15:19Z,0,0,126
2021-01-07T20:15:20Z,0,0,126
2021-01-07T20:15:21Z,0,0,126
2021-01-07T20:15:22Z,0,0,125
2021-01-07T20:15:23Z,0,0,123
2021-01-07T20:15:24Z,0,0,121
2021-01-07T20:15:25Z,0,0,120
2021-01-07T20:15:26Z,0,0,119
2021-01-07T20:15:27Z,0,0,118
2021-01-07T20:15:28Z,0,0,117
2021-01-07T20:15:29Z,0,0,117
2021-01-07T20:15:30Z,0,0,118
2021-01-07T20:15:31Z,0,0,119
2021-01-07T20:15:32Z,0,0,119
2021-01-07T20:15:33Z,0,0,121
2021-01-07T20:15:34Z,0,0,122
2021-01-07T20:15:35Z,0,0,123
2021-01-07T20:15:36Z,0,0,124
2021-01-07T20:15:37Z,0,0,125
2021-01-07T20:15:38Z,0,0,126
2021-01-07T20:15:39Z,0,0,127
2021-01-07T20:15:40Z,0,0,128
2021-01-07T20:15:41Z,0,0,129
2021-01-07T20:15:42Z,0,0,131
2021-01-07T20:15:43Z,0,0,132
2021-01-07T20:15:44Z,0,0,132
2021-01-07T20:15:45Z,0,0,132
2021-01-07T20:15:46Z,0,0,132
2021-01-07T20:15:47Z,0,0,132
2021-01-07T20:15:48Z,0,0,132
2021-01-07T20:15:49Z,0,0,132
2021-01-07T20:15:50Z,0,0,132
2021-01-07T20:15:51Z,0,0,132
2021-01-07T20:15:52Z,0,0,132
2021-01-07T20:15:53Z,0,0,132
2021-01-07T20:15:54Z,0,0,132
2021-01-07T20:15:55Z,0,0,132
2021-01-07T20:15:56Z,0,0,133
2021-01-07T20:15:57Z,0,0,135
2021-01-07T20:15:58Z,0,0,138
2021-01-07T20:15:59Z,0,0,142
2021-01-07T20:16:00Z,0,0,146
2021-01-07T20:16:01Z,0,0,148
2021-01-07T20:16:02Z,0,0,149
2021-01-07T20:16:03Z,0,0,149
2021-01-07T20:16:04Z,0,0,149
2021-01-07T20:16:05Z,0,0,149
2021-01-07T20:16:06Z,0,0,149
2021-01-07T20:16:07Z,0,0,149
2021-01-07T20:16:08Z,0,0,149
2021-01-07T20:16:09Z,0,0,148
2021-01-07T20:16:10Z,0,0,148
2021-01-07T20:16:11Z,0,0,148
2021-01-07T20:16:12Z,0,0,148
2021-01-07T20:16:13Z,0,0,148
2021-01-07T20:16:14Z,0,0,148
2021-01-07T20:16:15Z,0,0,149
2021-01-07T20:16:16Z,0,0,149
2021-01-07T20:16:17Z,0,0,149
2021-01-07T20:16:18Z,0,0,150
2021-01-07T20:16:19Z,0,0,150
2021-01-07T20:16:20Z,0,0,150
2021-01-07T20:16:21Z,0,0,150
2021-01-07T20:16:22Z,0,0,150
2021-01-07T20:16:23Z,0,0,149
2021-01-07T20:16:24Z,0,0,149
2021-01-07T20:16:25Z,0,0,149
2021-01-07T20:16:26Z,0,0,148
2021-01-07T20:16:27Z,0,0,147
2021-01-07T20:16:28Z,0,0,147
2021-01-07T20:16:29Z,0,0,146
2021-01-07T20:16:30Z,0,0,145
2021-01-07T20:16:31Z,0,0,144
2021-01-07T20:16:32Z,0,0,144
2021-01-07T20:16:33Z,0,0,144
2021-01-07T20:16:34Z,0,0,144
2021-01-07T20:16:35Z,0,0,143
2021-01-07T20:16:36Z,0,0,143
2021-01-07T20:16:37Z,0,0,142
2021-01-07T20:16:38Z,0,0,141
2021-01-07T20:16:39Z,0,0,141
2021-01-07T20:16:40Z,0,0,140
2021-01-07T20:16:41Z,0,0,140
2021-01-07T20:16:42Z,0,0,140
2021-01-07T20:16:43Z,0,0,139
2021-01-07T20:16:44Z,0,0,139
2021-01-07T20:16:45Z,0,0,140
2021-01-07T20:16:46Z,0,0,140
2021-01-07T20:16:47Z,0,0,141
2021-01-07T20:16:48Z,0,0,141
2021-01-07T20:16:49Z,0,0,142
2021-01-07T20:16:50Z,0,0,142
2021-01-07T20:16:51Z,0,0,141
2021-01-07T20:16:52Z,0,0,140
2021-01-07T20:16:53Z,0,0,139
2021-01-07T20:16:54Z,0,0,138
2021-01-07T20:16:55Z,0,0,137
2021-01-07T20:16:56Z,0,0,136
2021-01-07T20:16:57Z,0,0,135
2021-01-07T20:16:58Z,0,0,134
2021-01-07T20:16:59Z,0,0,134
2021-01-07T20:17:00Z,0,0,135
2021-01-07T20:17:01Z,0,0,135
2021-01-07T20:17:02Z,0,0,136
2021-01-07T20:17:03Z,0,0,136
2021-01-07T20:17:04Z,0,0,136
2021-01-07T20:17:05Z,0,0,135
2021-01-07T20:17:06Z,0,0,134
2021-01-07T20:17:07Z,0,0,133
2021-01-07T20:17:08Z,0,0,132
2021-01-07T20:17:09Z,0,0,132
2021-01-07T20:17:10Z,0,0,131
2021-01-07T20:17:11Z,0,0,131
2021-01-07T20:17:12Z,0,0,131
2021-01-07T20:17:13Z,0,0,130
2021-01-07T20:17:14Z,0,0,129
2021-01-07T20:17:15Z,0,0,129
2021-01-07T20:17:16Z,0,0,129
2021-01-07T20:17:17Z,0,0,129
2021-01-07T20:17:18Z,0,0,129
2021-01-07T20:17:19Z,0,0,130
2021-01-07T20:17:20Z,0,0,130
2021-01-07T20:17:21Z,0,0,130
2021-01-07T20:17:22Z,0,0,130
2021-01-07T20:17:23Z,0,0,130
2021-01-07T20:17:24Z,0,0,130
2021-01-07T20:17:25Z,0,0,130
2021-01-07T20:17:26Z,0,0,130
2021-01-07T20:17:27Z,0,0,130
2021-01-07T20:17:28Z,0,0,131
2021-01-07T20:17:29Z,0,0,131
2021-01-07T20:17:30Z,0,0,132
2021-01-07T20:17:31Z,0,0,132
2021-01-07T20:17:32Z,0,0,132
2021-01-07T20:17:33Z,0,0,131
2021-01-07T20:17:34Z,0,0,131
2021-01-07T20:17:35Z,0,0,131
2021-01-07T20:17:36Z,0,0,131
2021-01-07T20:17:37Z,0,0,130
2021-01-07T20:17:38Z,0,0,128
2021-01-07T20:17:39Z,0,0,127
2021-01-07T20:17:40Z,0,0,126
2021-01-07T20:17:41Z,0,0,126
2021-01-07T20:17:42Z,0,0,126
2021-01-07T20:17:43Z,0,0,126
2021-01-07T20:17:44Z,0,0,126
2021-01-07T20:17:45Z,0,0,127
2021-01-07T20:17:46Z,0,0,127
2021-01-07T20:17:47Z,0,0,128
2021-01-07T20:17:48Z,0,0,129
2021-01-07T20:17:49Z,0,0,129
2021-01-07T20:17:50Z,0,0,129
2021-01-07T20:17:51Z,0,0,128
2021-01-07T20:17:52Z,0,0,128
2021-01-07T20:17:53Z,0,0,127
2021-01-07T20:17:54Z,0,0,127
2021-01-07T20:17:55Z,0,0,127
2021-01-07T20:17:56Z,0,0,126
2021-01-07T20:17:57Z,0,0,126
2021-01-07T20:17:58Z,0,0,126
2021-01-07T20:17:59Z,0,0,126
2021-01-07T20:18:00Z,0,0,125
2021-01-07T20:18:01Z,0,0,125
2021-01-07T20:18:02Z,0,0,125
2021-01-07T20:18:03Z,0,0,126
2021-01-07T20:18:04Z,0,0,126
2021-01-07T20:18:05Z,0,0,126
2021-01-07T20:18:06Z,0,0,127
2021-01-07T20:18:07Z,0,0,127
2021-01-07T20:18:08Z,0,0,127
2021-01-07T20:18:09Z,0,0,128
2021-01-07T20:18:10Z,0,0,128
2021-01-07T20:18:11Z,0,0,128
2021-01-07T20:18:12Z,0,0,128
2021-01-07T20:18:13Z,0,0,128
2021-01-07T20:18:14Z,0,0,129
2021-01-07T20:18:15Z,0,0,130
2021-01-07T20:18:16Z,0,0,131
2021-01-07T20:18:17Z,0,0,132
2021-01-07T20:18:18Z,0,0,132
2021-01-07T20:18:19Z,0,0,131
2021-01-07T20:18:20Z,0,0,131
2021-01-07T20:18:21Z,0,0,130
2021-01-07T20:18:22Z,0,0,130
2021-01-07T20:18:23Z,0,0,129
2021-01-07T20:18:24Z,0,0,129
2021-01-07T20:18:25Z,0,0,128
2021-01-07T20:18:26Z,0,0,127
2021-01-07T20:18:27Z,0,0,126
2021-01-07T20:18:28Z,0,0,125
2021-01-07T20:18:29Z,0,0,125
2021-01-07T20:18:30Z,0,0,126
2021-01-07T20:18:31Z,0,0,126
2021-01-07T20:18:32Z,0,0,126
2021-01-07T20:18:33Z,0,0,126
2021-01-07T20:18:34Z,0,0,126
2021-01-07T20:18:35Z,0,0,125
2021-01-07T20:18:36Z,0,0,125
2021-01-07T20:18:37Z,0,0,126
2021-01-07T20:18:38Z,0,0,126
2021-01-07T20:18:39Z,0,0,127
2021-01-07T20:18:40Z,0,0,128
2021-01-07T20:18:41Z,0,0,128
2021-01-07T20:18:42Z,0,0,128
2021-01-07T20:18:43Z,0,0,128
2021-01-07T20:18:44Z,0,0,127
2021-01-07T20:18:45Z,0,0,126
2021-01-07T20:18:46Z,0,0,124
2021-01-07T20:18:47Z,0,0,123
2021-01-07T20:18:48Z,0,0,122
2021-01-07T20:18:49Z,0,0,121
2021-01-07T20:18:50Z,0,0,122
2021-01-07T20:18:51Z,0,0,122
2021-01-07T20:18:52Z,0,0,123
2021-01-07T20:18:53Z,0,0,124
2021-01-07T20:18:54Z,0,0,124
2021-01-07T20:18:55Z,0,0,124
2021-01-07T20:18:56Z,0,0,124
2021-01-07T20:18:57Z,0,0,124
2021-01-07T20:18:58Z,0,0,124
2021-01-07T20:18:59Z,0,0,124
2021-01-07T20:19:00Z,0,0,124
2021-01-07T20:19:01Z,0,0,124
2021-01-07T20:19:02Z,0,0,124
2021-01-07T20:19:03Z,0,0,125
2021-01-07T20:19:04Z,0,0,125
2021-01-07T20:19:05Z,0,0,125
2021-01-07T20:19:06Z,0,0,125
2021-01-07T20:19:07Z,0,0,125
2021-01-07T20:19:08Z,0,0,125
2021-01-07T20:19:09Z,0,0,125
2021-01-07T20:19:10Z,0,0,125
2021-01-07T20:19:11Z,0,0,126
2021-01-07T20:19:12Z,0,0,126
2021-01-07T20:19:13Z,0,0,125
2021-01-07T20:19:14Z,0,0,125
2021-01-07T20:19:15Z,0,0,125
2021-01-07T20:19:16Z,0,0,125
2021-01-07T20:19:17Z,0,0,124
2021-01-07T20:19:18Z,0,0,124
2021-01-07T20:19:19Z,0,0,124
2021-01-07T20:19:20Z,0,0,124
2021-01-07T20:19:21Z,0,0,124
2021-01-07T20:19:22Z,0,0,124
2021-01-07T20:19:23Z,0,0,124
2021-01-07T20:19:24Z,0,0,124
2021-01-07T20:19:25Z,0,0,124
2021-01-07T20:19:26Z,0,0,124
2021-01-07T20:19:27Z,0,0,125
2021-01-07T20:19:28Z,0,0,125
2021-01-07T20:19:29Z,0,0,126
2021-01-07T20:19:30Z,0,0,126
2021-01-07T20:19:31Z,0,0,127
2021-01-07T20:19:32Z,0,0,127
2021-01-07T20:19:33Z,0,0,127
2021-01-07T20:19:34Z,0,0,127
2021-01-07T20:19:35Z,0,0,127
2021-01-07T20:19:36Z,0,0,126
2021-01-07T20:19:37Z,0,0,126
2021-01-07T20:19:38Z,0,0,126
2021-01-07T20:19:39Z,0,0,127
2021-01-07T20:19:40Z,0,0,127
2021-01-07T20:19:41Z,0,0,128
2021-01-07T20:19:42Z,0,0,129
2021-01-07T20:19:43Z,0,0,130
2021-01-07T20:19:44Z,0,0,131
2021-01-07T20:19:45Z,0,0,131
2021-01-07T20:19:46Z,0,0,130
2021-01-07T20:19:47Z,0,0,130
2021-01-07T20:19:48Z,0,0,130
2021-01-07T20:19:49Z,0,0,130
2021-01-07T20:19:50Z,0,0,130
2021-01-07T20:19:51Z,0,0,128
2021-01-07T20:19:52Z,0,0,126
2021-01-07T20:19:53Z,0,0,123
2021-01-07T20:19:54Z,0,0,122
2021-01-07T20:19:55Z,0,0,119
2021-01-07T20:19:56Z,0,0,118
2021-01-07T20:19:57Z,0,0,118
2021-01-07T20:19:58Z,0,0,118
2021-01-07T20:19:59Z,0,0,118
2021-01-07T20:20:00Z,0,0,119
2021-01-07T20:20:01Z,0,0,121
2021-01-07T20:20:02Z,0,0,122
2021-01-07T20:20:03Z,0,0,123
2021-01-07T20:20:04Z,0,0,125
2021-01-07T20:20:05Z,0,0,127
2021-01-07T20:20:06Z,0,0,128
2021-01-07T20:20:07Z,0,0,130
2021-01-07T20:20:08Z,0,0,132
2021-01-07T20:20:09Z,0,0,133
2021-01-07T20:20:10Z,0,0,134
2021-01-07T20:20:11Z,0,0,134
2021-01-07T20:20:12Z,0,0,134
2021-01-07T20:20:13Z,0,0,134
2021-01-07T20:20:14Z,0,0,134
2021-01-07T20:20:15Z,0,0,134
2021-01-07T20:20:16Z,0,0,134
2021-01-07T20:20:17Z,0,0,134
2021-01-07T20:20:18Z,0,0,134
2021-01-07T20:20:19Z,0,0,134
2021-01-07T20:20:20Z,0,0,136
2021-01-07T20:20:21Z,0,0,138
2021-01-07T20:20:22Z,0,0,141
2021-01-07T20:20:23Z,0,0,144
2021-01-07T20:20:24Z,0,0,147
2021-01-07T20:20:25Z,0,0,149
2021-01-07T20:20:26Z,0,0,150
2021-01-07T20:20:27Z,0,0,151
2021-01-07T20:20:28Z,0,0,151
2021-01-07T20:20:29Z,0,0,151
2021-01-07T20:20:30Z,0,0,151
2021-01-07T20:20:31Z,0,0,151
2021-01-07T20:20:32Z,0,0,151
2021-01-07T20:20:33Z,0,0,151
2021-01-07T20:20:34Z,0,0,151
2021-01-07T20:20:35Z,0,0,151
2021-01-07T20:20:36Z,0,0,151
2021-01-07T20:20:37Z,0,0,151
2021-01-07T20:20:38Z,0,0,151
2021-01-07T20:20:39Z,0,0,151
2021-01-07T20:20:40Z,0,0,151
2021-01-07T20:20:41Z,0,0,151
2021-01-07T20:20:42Z,0,0,152
2021-01-07T20:20:43Z,0,0,152
2021-01-07T20:20:44Z,0,0,152
2021-01-07T20:20:45Z,0,0,152
2021-01-07T20:20:46Z,0,0,152
2021-01-07T20:20:47Z,0,0,152
2021-01-07T20:20:48Z,0,0,152
2021-01-07T20:20:49Z,0,0,153
2021-01-07T20:20:50Z,0,0,154
2021-01-07T20:20:51Z,0,0,154
2021-01-07T20:20:52Z,0,0,155
2021-01-07T20:20:53Z,0,0,155
2021-01-07T20:20:54Z,0,0,155
2021-01-07T20:20:55Z,0,0,154
2021-01-07T20:20:56Z,0,0,154
2021-01-07T20:20:57Z,0,0,153
2021-01-07T20:20:58Z,0,0,152
2021-01-07T20:20:59Z,0,0,152
2021-01-07T20:21:00Z,0,0,151
2021-01-07T20:21:01Z,0,0,151
2021-01-07T20:21:02Z,0,0,151
2021-01-07T20:21:03Z,0,0,151
2021-01-07T20:21:04Z,0,0,150
2021-01-07T20:21:05Z,0,0,150
2021-01-07T20:21:06Z,0,0,149
